sample	unit	platform	fq1	fq2
SRR5891597	TA-298	ILLUMINA	data/Vitis_vinifera_Liang2019/fastq/SRR5891597_1.fastq.gz	data/Vitis_vinifera_Liang2019/fastq/SRR5891597_1.fastq.gzTA-298_2.fastq.gz
SRR5891598	TA-285	ILLUMINA	data/Vitis_vinifera_Liang2019/fastq/SRR5891598_1.fastq.gz	data/Vitis_vinifera_Liang2019/fastq/SRR5891598_1.fastq.gzTA-285_2.fastq.gz
SRR5891599	TA-246	ILLUMINA	data/Vitis_vinifera_Liang2019/fastq/SRR5891599_1.fastq.gz	data/Vitis_vinifera_Liang2019/fastq/SRR5891599_1.fastq.gzTA-246_2.fastq.gz
SRR5891600	TA-406	ILLUMINA	data/Vitis_vinifera_Liang2019/fastq/SRR5891600_1.fastq.gz	data/Vitis_vinifera_Liang2019/fastq/SRR5891600_1.fastq.gzTA-406_2.fastq.gz
SRR5891601	TA-284	ILLUMINA	data/Vitis_vinifera_Liang2019/fastq/SRR5891601_1.fastq.gz	data/Vitis_vinifera_Liang2019/fastq/SRR5891601_1.fastq.gzTA-284_2.fastq.gz
SRR5891602	TA-29	ILLUMINA	data/Vitis_vinifera_Liang2019/fastq/SRR5891602_1.fastq.gz	data/Vitis_vinifera_Liang2019/fastq/SRR5891602_1.fastq.gzTA-29_2.fastq.gz
SRR5891603	TA-278	ILLUMINA	data/Vitis_vinifera_Liang2019/fastq/SRR5891603_1.fastq.gz	data/Vitis_vinifera_Liang2019/fastq/SRR5891603_1.fastq.gzTA-278_2.fastq.gz
SRR5891604	TA-303	ILLUMINA	data/Vitis_vinifera_Liang2019/fastq/SRR5891604_1.fastq.gz	data/Vitis_vinifera_Liang2019/fastq/SRR5891604_1.fastq.gzTA-303_2.fastq.gz
SRR5891605	TA-6228	ILLUMINA	data/Vitis_vinifera_Liang2019/fastq/SRR5891605_1.fastq.gz	data/Vitis_vinifera_Liang2019/fastq/SRR5891605_1.fastq.gzTA-6228_2.fastq.gz
SRR5891606	TA-6230	ILLUMINA	data/Vitis_vinifera_Liang2019/fastq/SRR5891606_1.fastq.gz	data/Vitis_vinifera_Liang2019/fastq/SRR5891606_1.fastq.gzTA-6230_2.fastq.gz
SRR5891607	KE 06	ILLUMINA	data/Vitis_vinifera_Liang2019/fastq/SRR5891607_1.fastq.gz	data/Vitis_vinifera_Liang2019/fastq/SRR5891607_1.fastq.gzKE 06_2.fastq.gz
SRR5891608	TA-6225	ILLUMINA	data/Vitis_vinifera_Liang2019/fastq/SRR5891608_1.fastq.gz	data/Vitis_vinifera_Liang2019/fastq/SRR5891608_1.fastq.gzTA-6225_2.fastq.gz
SRR5891609	TA-6223	ILLUMINA	data/Vitis_vinifera_Liang2019/fastq/SRR5891609_1.fastq.gz	data/Vitis_vinifera_Liang2019/fastq/SRR5891609_1.fastq.gzTA-6223_2.fastq.gz
SRR5891610	TA-6224	ILLUMINA	data/Vitis_vinifera_Liang2019/fastq/SRR5891610_1.fastq.gz	data/Vitis_vinifera_Liang2019/fastq/SRR5891610_1.fastq.gzTA-6224_2.fastq.gz
SRR5891611	TA-6220	ILLUMINA	data/Vitis_vinifera_Liang2019/fastq/SRR5891611_1.fastq.gz	data/Vitis_vinifera_Liang2019/fastq/SRR5891611_1.fastq.gzTA-6220_2.fastq.gz
SRR5891612	TA-6222	ILLUMINA	data/Vitis_vinifera_Liang2019/fastq/SRR5891612_1.fastq.gz	data/Vitis_vinifera_Liang2019/fastq/SRR5891612_1.fastq.gzTA-6222_2.fastq.gz
SRR5891613	TA-6216	ILLUMINA	data/Vitis_vinifera_Liang2019/fastq/SRR5891613_1.fastq.gz	data/Vitis_vinifera_Liang2019/fastq/SRR5891613_1.fastq.gzTA-6216_2.fastq.gz
SRR5891614	TA-6219	ILLUMINA	data/Vitis_vinifera_Liang2019/fastq/SRR5891614_1.fastq.gz	data/Vitis_vinifera_Liang2019/fastq/SRR5891614_1.fastq.gzTA-6219_2.fastq.gz
SRR5891615	TA-179	ILLUMINA	data/Vitis_vinifera_Liang2019/fastq/SRR5891615_1.fastq.gz	data/Vitis_vinifera_Liang2019/fastq/SRR5891615_1.fastq.gzTA-179_2.fastq.gz
SRR5891616	TA-295	ILLUMINA	data/Vitis_vinifera_Liang2019/fastq/SRR5891616_1.fastq.gz	data/Vitis_vinifera_Liang2019/fastq/SRR5891616_1.fastq.gzTA-295_2.fastq.gz
SRR5891617	TA-6141	ILLUMINA	data/Vitis_vinifera_Liang2019/fastq/SRR5891617_1.fastq.gz	data/Vitis_vinifera_Liang2019/fastq/SRR5891617_1.fastq.gzTA-6141_2.fastq.gz
SRR5891618	TA-215	ILLUMINA	data/Vitis_vinifera_Liang2019/fastq/SRR5891618_1.fastq.gz	data/Vitis_vinifera_Liang2019/fastq/SRR5891618_1.fastq.gzTA-215_2.fastq.gz
SRR5891619	TA-342	ILLUMINA	data/Vitis_vinifera_Liang2019/fastq/SRR5891619_1.fastq.gz	data/Vitis_vinifera_Liang2019/fastq/SRR5891619_1.fastq.gzTA-342_2.fastq.gz
SRR5891620	TA-398	ILLUMINA	data/Vitis_vinifera_Liang2019/fastq/SRR5891620_1.fastq.gz	data/Vitis_vinifera_Liang2019/fastq/SRR5891620_1.fastq.gzTA-398_2.fastq.gz
SRR5891621	Z29	ILLUMINA	data/Vitis_vinifera_Liang2019/fastq/SRR5891621_1.fastq.gz	data/Vitis_vinifera_Liang2019/fastq/SRR5891621_1.fastq.gzZ29_2.fastq.gz
SRR5891622	TA-422	ILLUMINA	data/Vitis_vinifera_Liang2019/fastq/SRR5891622_1.fastq.gz	data/Vitis_vinifera_Liang2019/fastq/SRR5891622_1.fastq.gzTA-422_2.fastq.gz
SRR5891623	TA-164	ILLUMINA	data/Vitis_vinifera_Liang2019/fastq/SRR5891623_1.fastq.gz	data/Vitis_vinifera_Liang2019/fastq/SRR5891623_1.fastq.gzTA-164_2.fastq.gz
SRR5891624	TA-194	ILLUMINA	data/Vitis_vinifera_Liang2019/fastq/SRR5891624_1.fastq.gz	data/Vitis_vinifera_Liang2019/fastq/SRR5891624_1.fastq.gzTA-194_2.fastq.gz
SRR5891625	TA-119	ILLUMINA	data/Vitis_vinifera_Liang2019/fastq/SRR5891625_1.fastq.gz	data/Vitis_vinifera_Liang2019/fastq/SRR5891625_1.fastq.gzTA-119_2.fastq.gz
SRR5891626	TA-365	ILLUMINA	data/Vitis_vinifera_Liang2019/fastq/SRR5891626_1.fastq.gz	data/Vitis_vinifera_Liang2019/fastq/SRR5891626_1.fastq.gzTA-365_2.fastq.gz
SRR5891627	TA-364	ILLUMINA	data/Vitis_vinifera_Liang2019/fastq/SRR5891627_1.fastq.gz	data/Vitis_vinifera_Liang2019/fastq/SRR5891627_1.fastq.gzTA-364_2.fastq.gz
SRR5891628	TA-286	ILLUMINA	data/Vitis_vinifera_Liang2019/fastq/SRR5891628_1.fastq.gz	data/Vitis_vinifera_Liang2019/fastq/SRR5891628_1.fastq.gzTA-286_2.fastq.gz
SRR5891629	TA-10	ILLUMINA	data/Vitis_vinifera_Liang2019/fastq/SRR5891629_1.fastq.gz	data/Vitis_vinifera_Liang2019/fastq/SRR5891629_1.fastq.gzTA-10_2.fastq.gz
SRR5891630	TA-116	ILLUMINA	data/Vitis_vinifera_Liang2019/fastq/SRR5891630_1.fastq.gz	data/Vitis_vinifera_Liang2019/fastq/SRR5891630_1.fastq.gzTA-116_2.fastq.gz
SRR5891631	TA-5902	ILLUMINA	data/Vitis_vinifera_Liang2019/fastq/SRR5891631_1.fastq.gz	data/Vitis_vinifera_Liang2019/fastq/SRR5891631_1.fastq.gzTA-5902_2.fastq.gz
SRR5891632	TA-26	ILLUMINA	data/Vitis_vinifera_Liang2019/fastq/SRR5891632_1.fastq.gz	data/Vitis_vinifera_Liang2019/fastq/SRR5891632_1.fastq.gzTA-26_2.fastq.gz
SRR5891633	TA-293	ILLUMINA	data/Vitis_vinifera_Liang2019/fastq/SRR5891633_1.fastq.gz	data/Vitis_vinifera_Liang2019/fastq/SRR5891633_1.fastq.gzTA-293_2.fastq.gz
SRR5891634	TA-289	ILLUMINA	data/Vitis_vinifera_Liang2019/fastq/SRR5891634_1.fastq.gz	data/Vitis_vinifera_Liang2019/fastq/SRR5891634_1.fastq.gzTA-289_2.fastq.gz
SRR5891635	TA-247	ILLUMINA	data/Vitis_vinifera_Liang2019/fastq/SRR5891635_1.fastq.gz	data/Vitis_vinifera_Liang2019/fastq/SRR5891635_1.fastq.gzTA-247_2.fastq.gz
SRR5891636	TA-16	ILLUMINA	data/Vitis_vinifera_Liang2019/fastq/SRR5891636_1.fastq.gz	data/Vitis_vinifera_Liang2019/fastq/SRR5891636_1.fastq.gzTA-16_2.fastq.gz
SRR5891637	TA-138	ILLUMINA	data/Vitis_vinifera_Liang2019/fastq/SRR5891637_1.fastq.gz	data/Vitis_vinifera_Liang2019/fastq/SRR5891637_1.fastq.gzTA-138_2.fastq.gz
SRR5891638	TA-226	ILLUMINA	data/Vitis_vinifera_Liang2019/fastq/SRR5891638_1.fastq.gz	data/Vitis_vinifera_Liang2019/fastq/SRR5891638_1.fastq.gzTA-226_2.fastq.gz
SRR5891639	TA-263	ILLUMINA	data/Vitis_vinifera_Liang2019/fastq/SRR5891639_1.fastq.gz	data/Vitis_vinifera_Liang2019/fastq/SRR5891639_1.fastq.gzTA-263_2.fastq.gz
SRR5891640	TA-252	ILLUMINA	data/Vitis_vinifera_Liang2019/fastq/SRR5891640_1.fastq.gz	data/Vitis_vinifera_Liang2019/fastq/SRR5891640_1.fastq.gzTA-252_2.fastq.gz
SRR5891641	TA-28	ILLUMINA	data/Vitis_vinifera_Liang2019/fastq/SRR5891641_1.fastq.gz	data/Vitis_vinifera_Liang2019/fastq/SRR5891641_1.fastq.gzTA-28_2.fastq.gz
SRR5891642	TA-93	ILLUMINA	data/Vitis_vinifera_Liang2019/fastq/SRR5891642_1.fastq.gz	data/Vitis_vinifera_Liang2019/fastq/SRR5891642_1.fastq.gzTA-93_2.fastq.gz
SRR5891643	TA-240	ILLUMINA	data/Vitis_vinifera_Liang2019/fastq/SRR5891643_1.fastq.gz	data/Vitis_vinifera_Liang2019/fastq/SRR5891643_1.fastq.gzTA-240_2.fastq.gz
SRR5891644	TA-349	ILLUMINA	data/Vitis_vinifera_Liang2019/fastq/SRR5891644_1.fastq.gz	data/Vitis_vinifera_Liang2019/fastq/SRR5891644_1.fastq.gzTA-349_2.fastq.gz
SRR5891645	TA-351	ILLUMINA	data/Vitis_vinifera_Liang2019/fastq/SRR5891645_1.fastq.gz	data/Vitis_vinifera_Liang2019/fastq/SRR5891645_1.fastq.gzTA-351_2.fastq.gz
SRR5891646	TA-46	ILLUMINA	data/Vitis_vinifera_Liang2019/fastq/SRR5891646_1.fastq.gz	data/Vitis_vinifera_Liang2019/fastq/SRR5891646_1.fastq.gzTA-46_2.fastq.gz
SRR5891647	TA-195	ILLUMINA	data/Vitis_vinifera_Liang2019/fastq/SRR5891647_1.fastq.gz	data/Vitis_vinifera_Liang2019/fastq/SRR5891647_1.fastq.gzTA-195_2.fastq.gz
SRR5891648	TA-196	ILLUMINA	data/Vitis_vinifera_Liang2019/fastq/SRR5891648_1.fastq.gz	data/Vitis_vinifera_Liang2019/fastq/SRR5891648_1.fastq.gzTA-196_2.fastq.gz
SRR5891649	TA-4	ILLUMINA	data/Vitis_vinifera_Liang2019/fastq/SRR5891649_1.fastq.gz	data/Vitis_vinifera_Liang2019/fastq/SRR5891649_1.fastq.gzTA-4_2.fastq.gz
SRR5891650	TA-198	ILLUMINA	data/Vitis_vinifera_Liang2019/fastq/SRR5891650_1.fastq.gz	data/Vitis_vinifera_Liang2019/fastq/SRR5891650_1.fastq.gzTA-198_2.fastq.gz
SRR5891651	TA-2	ILLUMINA	data/Vitis_vinifera_Liang2019/fastq/SRR5891651_1.fastq.gz	data/Vitis_vinifera_Liang2019/fastq/SRR5891651_1.fastq.gzTA-2_2.fastq.gz
SRR5891652	TA-5888	ILLUMINA	data/Vitis_vinifera_Liang2019/fastq/SRR5891652_1.fastq.gz	data/Vitis_vinifera_Liang2019/fastq/SRR5891652_1.fastq.gzTA-5888_2.fastq.gz
SRR5891653	TA-7	ILLUMINA	data/Vitis_vinifera_Liang2019/fastq/SRR5891653_1.fastq.gz	data/Vitis_vinifera_Liang2019/fastq/SRR5891653_1.fastq.gzTA-7_2.fastq.gz
SRR5891654	TA-6158	ILLUMINA	data/Vitis_vinifera_Liang2019/fastq/SRR5891654_1.fastq.gz	data/Vitis_vinifera_Liang2019/fastq/SRR5891654_1.fastq.gzTA-6158_2.fastq.gz
SRR5891655	TA-279	ILLUMINA	data/Vitis_vinifera_Liang2019/fastq/SRR5891655_1.fastq.gz	data/Vitis_vinifera_Liang2019/fastq/SRR5891655_1.fastq.gzTA-279_2.fastq.gz
SRR5891656	TA-307	ILLUMINA	data/Vitis_vinifera_Liang2019/fastq/SRR5891656_1.fastq.gz	data/Vitis_vinifera_Liang2019/fastq/SRR5891656_1.fastq.gzTA-307_2.fastq.gz
SRR5891657	TA-54	ILLUMINA	data/Vitis_vinifera_Liang2019/fastq/SRR5891657_1.fastq.gz	data/Vitis_vinifera_Liang2019/fastq/SRR5891657_1.fastq.gzTA-54_2.fastq.gz
SRR5891658	TA-34	ILLUMINA	data/Vitis_vinifera_Liang2019/fastq/SRR5891658_1.fastq.gz	data/Vitis_vinifera_Liang2019/fastq/SRR5891658_1.fastq.gzTA-34_2.fastq.gz
SRR5891659	TA-105	ILLUMINA	data/Vitis_vinifera_Liang2019/fastq/SRR5891659_1.fastq.gz	data/Vitis_vinifera_Liang2019/fastq/SRR5891659_1.fastq.gzTA-105_2.fastq.gz
SRR5891660	TA-53	ILLUMINA	data/Vitis_vinifera_Liang2019/fastq/SRR5891660_1.fastq.gz	data/Vitis_vinifera_Liang2019/fastq/SRR5891660_1.fastq.gzTA-53_2.fastq.gz
SRR5891661	TA-360	ILLUMINA	data/Vitis_vinifera_Liang2019/fastq/SRR5891661_1.fastq.gz	data/Vitis_vinifera_Liang2019/fastq/SRR5891661_1.fastq.gzTA-360_2.fastq.gz
SRR5891662	TA-6	ILLUMINA	data/Vitis_vinifera_Liang2019/fastq/SRR5891662_1.fastq.gz	data/Vitis_vinifera_Liang2019/fastq/SRR5891662_1.fastq.gzTA-6_2.fastq.gz
SRR5891663	TA-6140	ILLUMINA	data/Vitis_vinifera_Liang2019/fastq/SRR5891663_1.fastq.gz	data/Vitis_vinifera_Liang2019/fastq/SRR5891663_1.fastq.gzTA-6140_2.fastq.gz
SRR5891664	TA-6139	ILLUMINA	data/Vitis_vinifera_Liang2019/fastq/SRR5891664_1.fastq.gz	data/Vitis_vinifera_Liang2019/fastq/SRR5891664_1.fastq.gzTA-6139_2.fastq.gz
SRR5891665	TA-6155	ILLUMINA	data/Vitis_vinifera_Liang2019/fastq/SRR5891665_1.fastq.gz	data/Vitis_vinifera_Liang2019/fastq/SRR5891665_1.fastq.gzTA-6155_2.fastq.gz
SRR5891666	TA-320	ILLUMINA	data/Vitis_vinifera_Liang2019/fastq/SRR5891666_1.fastq.gz	data/Vitis_vinifera_Liang2019/fastq/SRR5891666_1.fastq.gzTA-320_2.fastq.gz
SRR5891667	TA-311	ILLUMINA	data/Vitis_vinifera_Liang2019/fastq/SRR5891667_1.fastq.gz	data/Vitis_vinifera_Liang2019/fastq/SRR5891667_1.fastq.gzTA-311_2.fastq.gz
SRR5891668	TA-70	ILLUMINA	data/Vitis_vinifera_Liang2019/fastq/SRR5891668_1.fastq.gz	data/Vitis_vinifera_Liang2019/fastq/SRR5891668_1.fastq.gzTA-70_2.fastq.gz
SRR5891669	TA-319	ILLUMINA	data/Vitis_vinifera_Liang2019/fastq/SRR5891669_1.fastq.gz	data/Vitis_vinifera_Liang2019/fastq/SRR5891669_1.fastq.gzTA-319_2.fastq.gz
SRR5891670	TA-71	ILLUMINA	data/Vitis_vinifera_Liang2019/fastq/SRR5891670_1.fastq.gz	data/Vitis_vinifera_Liang2019/fastq/SRR5891670_1.fastq.gzTA-71_2.fastq.gz
SRR5891671	TA-321	ILLUMINA	data/Vitis_vinifera_Liang2019/fastq/SRR5891671_1.fastq.gz	data/Vitis_vinifera_Liang2019/fastq/SRR5891671_1.fastq.gzTA-321_2.fastq.gz
SRR5891672	TA-77	ILLUMINA	data/Vitis_vinifera_Liang2019/fastq/SRR5891672_1.fastq.gz	data/Vitis_vinifera_Liang2019/fastq/SRR5891672_1.fastq.gzTA-77_2.fastq.gz
SRR5891673	TA-78	ILLUMINA	data/Vitis_vinifera_Liang2019/fastq/SRR5891673_1.fastq.gz	data/Vitis_vinifera_Liang2019/fastq/SRR5891673_1.fastq.gzTA-78_2.fastq.gz
SRR5891674	TA-38	ILLUMINA	data/Vitis_vinifera_Liang2019/fastq/SRR5891674_1.fastq.gz	data/Vitis_vinifera_Liang2019/fastq/SRR5891674_1.fastq.gzTA-38_2.fastq.gz
SRR5891675	TA-309	ILLUMINA	data/Vitis_vinifera_Liang2019/fastq/SRR5891675_1.fastq.gz	data/Vitis_vinifera_Liang2019/fastq/SRR5891675_1.fastq.gzTA-309_2.fastq.gz
SRR5891676	TA-5607	ILLUMINA	data/Vitis_vinifera_Liang2019/fastq/SRR5891676_1.fastq.gz	data/Vitis_vinifera_Liang2019/fastq/SRR5891676_1.fastq.gzTA-5607_2.fastq.gz
SRR5891677	TA-6147	ILLUMINA	data/Vitis_vinifera_Liang2019/fastq/SRR5891677_1.fastq.gz	data/Vitis_vinifera_Liang2019/fastq/SRR5891677_1.fastq.gzTA-6147_2.fastq.gz
SRR5891678	RM02	ILLUMINA	data/Vitis_vinifera_Liang2019/fastq/SRR5891678_1.fastq.gz	data/Vitis_vinifera_Liang2019/fastq/SRR5891678_1.fastq.gzRM02_2.fastq.gz
SRR5891679	TA-5905	ILLUMINA	data/Vitis_vinifera_Liang2019/fastq/SRR5891679_1.fastq.gz	data/Vitis_vinifera_Liang2019/fastq/SRR5891679_1.fastq.gzTA-5905_2.fastq.gz
SRR5891680	TA-6550	ILLUMINA	data/Vitis_vinifera_Liang2019/fastq/SRR5891680_1.fastq.gz	data/Vitis_vinifera_Liang2019/fastq/SRR5891680_1.fastq.gzTA-6550_2.fastq.gz
SRR5891681	TA-294	ILLUMINA	data/Vitis_vinifera_Liang2019/fastq/SRR5891681_1.fastq.gz	data/Vitis_vinifera_Liang2019/fastq/SRR5891681_1.fastq.gzTA-294_2.fastq.gz
SRR5891682	TA-25	ILLUMINA	data/Vitis_vinifera_Liang2019/fastq/SRR5891682_1.fastq.gz	data/Vitis_vinifera_Liang2019/fastq/SRR5891682_1.fastq.gzTA-25_2.fastq.gz
SRR5891683	TA-19	ILLUMINA	data/Vitis_vinifera_Liang2019/fastq/SRR5891683_1.fastq.gz	data/Vitis_vinifera_Liang2019/fastq/SRR5891683_1.fastq.gzTA-19_2.fastq.gz
SRR5891684	o1	ILLUMINA	data/Vitis_vinifera_Liang2019/fastq/SRR5891684_1.fastq.gz	data/Vitis_vinifera_Liang2019/fastq/SRR5891684_1.fastq.gzo1_2.fastq.gz
SRR5891685	TA-346	ILLUMINA	data/Vitis_vinifera_Liang2019/fastq/SRR5891685_1.fastq.gz	data/Vitis_vinifera_Liang2019/fastq/SRR5891685_1.fastq.gzTA-346_2.fastq.gz
SRR5891686	TA-176	ILLUMINA	data/Vitis_vinifera_Liang2019/fastq/SRR5891686_1.fastq.gz	data/Vitis_vinifera_Liang2019/fastq/SRR5891686_1.fastq.gzTA-176_2.fastq.gz
SRR5891687	TA-174	ILLUMINA	data/Vitis_vinifera_Liang2019/fastq/SRR5891687_1.fastq.gz	data/Vitis_vinifera_Liang2019/fastq/SRR5891687_1.fastq.gzTA-174_2.fastq.gz
SRR5891688	TA-83	ILLUMINA	data/Vitis_vinifera_Liang2019/fastq/SRR5891688_1.fastq.gz	data/Vitis_vinifera_Liang2019/fastq/SRR5891688_1.fastq.gzTA-83_2.fastq.gz
SRR5891689	TA-122	ILLUMINA	data/Vitis_vinifera_Liang2019/fastq/SRR5891689_1.fastq.gz	data/Vitis_vinifera_Liang2019/fastq/SRR5891689_1.fastq.gzTA-122_2.fastq.gz
SRR5891690	TA-335	ILLUMINA	data/Vitis_vinifera_Liang2019/fastq/SRR5891690_1.fastq.gz	data/Vitis_vinifera_Liang2019/fastq/SRR5891690_1.fastq.gzTA-335_2.fastq.gz
SRR5891691	TA-423	ILLUMINA	data/Vitis_vinifera_Liang2019/fastq/SRR5891691_1.fastq.gz	data/Vitis_vinifera_Liang2019/fastq/SRR5891691_1.fastq.gzTA-423_2.fastq.gz
SRR5891692	TA-96	ILLUMINA	data/Vitis_vinifera_Liang2019/fastq/SRR5891692_1.fastq.gz	data/Vitis_vinifera_Liang2019/fastq/SRR5891692_1.fastq.gzTA-96_2.fastq.gz
SRR5891693	TA-345	ILLUMINA	data/Vitis_vinifera_Liang2019/fastq/SRR5891693_1.fastq.gz	data/Vitis_vinifera_Liang2019/fastq/SRR5891693_1.fastq.gzTA-345_2.fastq.gz
SRR5891694	TA-86	ILLUMINA	data/Vitis_vinifera_Liang2019/fastq/SRR5891694_1.fastq.gz	data/Vitis_vinifera_Liang2019/fastq/SRR5891694_1.fastq.gzTA-86_2.fastq.gz
SRR5891695	TA-112	ILLUMINA	data/Vitis_vinifera_Liang2019/fastq/SRR5891695_1.fastq.gz	data/Vitis_vinifera_Liang2019/fastq/SRR5891695_1.fastq.gzTA-112_2.fastq.gz
SRR5891696	TA-80	ILLUMINA	data/Vitis_vinifera_Liang2019/fastq/SRR5891696_1.fastq.gz	data/Vitis_vinifera_Liang2019/fastq/SRR5891696_1.fastq.gzTA-80_2.fastq.gz
SRR5891697	TA-250	ILLUMINA	data/Vitis_vinifera_Liang2019/fastq/SRR5891697_1.fastq.gz	data/Vitis_vinifera_Liang2019/fastq/SRR5891697_1.fastq.gzTA-250_2.fastq.gz
SRR5891698	TA-63	ILLUMINA	data/Vitis_vinifera_Liang2019/fastq/SRR5891698_1.fastq.gz	data/Vitis_vinifera_Liang2019/fastq/SRR5891698_1.fastq.gzTA-63_2.fastq.gz
SRR5891699	TA-6542	ILLUMINA	data/Vitis_vinifera_Liang2019/fastq/SRR5891699_1.fastq.gz	data/Vitis_vinifera_Liang2019/fastq/SRR5891699_1.fastq.gzTA-6542_2.fastq.gz
SRR5891700	TA-125	ILLUMINA	data/Vitis_vinifera_Liang2019/fastq/SRR5891700_1.fastq.gz	data/Vitis_vinifera_Liang2019/fastq/SRR5891700_1.fastq.gzTA-125_2.fastq.gz
SRR5891701	TA-193	ILLUMINA	data/Vitis_vinifera_Liang2019/fastq/SRR5891701_1.fastq.gz	data/Vitis_vinifera_Liang2019/fastq/SRR5891701_1.fastq.gzTA-193_2.fastq.gz
SRR5891702	TA-6190	ILLUMINA	data/Vitis_vinifera_Liang2019/fastq/SRR5891702_1.fastq.gz	data/Vitis_vinifera_Liang2019/fastq/SRR5891702_1.fastq.gzTA-6190_2.fastq.gz
SRR5891703	K27	ILLUMINA	data/Vitis_vinifera_Liang2019/fastq/SRR5891703_1.fastq.gz	data/Vitis_vinifera_Liang2019/fastq/SRR5891703_1.fastq.gzK27_2.fastq.gz
SRR5891704	TA-6195	ILLUMINA	data/Vitis_vinifera_Liang2019/fastq/SRR5891704_1.fastq.gz	data/Vitis_vinifera_Liang2019/fastq/SRR5891704_1.fastq.gzTA-6195_2.fastq.gz
SRR5891705	TA-6194	ILLUMINA	data/Vitis_vinifera_Liang2019/fastq/SRR5891705_1.fastq.gz	data/Vitis_vinifera_Liang2019/fastq/SRR5891705_1.fastq.gzTA-6194_2.fastq.gz
SRR5891706	K2	ILLUMINA	data/Vitis_vinifera_Liang2019/fastq/SRR5891706_1.fastq.gz	data/Vitis_vinifera_Liang2019/fastq/SRR5891706_1.fastq.gzK2_2.fastq.gz
SRR5891707	TA-6187	ILLUMINA	data/Vitis_vinifera_Liang2019/fastq/SRR5891707_1.fastq.gz	data/Vitis_vinifera_Liang2019/fastq/SRR5891707_1.fastq.gzTA-6187_2.fastq.gz
SRR5891708	K26	ILLUMINA	data/Vitis_vinifera_Liang2019/fastq/SRR5891708_1.fastq.gz	data/Vitis_vinifera_Liang2019/fastq/SRR5891708_1.fastq.gzK26_2.fastq.gz
SRR5891709	K22	ILLUMINA	data/Vitis_vinifera_Liang2019/fastq/SRR5891709_1.fastq.gz	data/Vitis_vinifera_Liang2019/fastq/SRR5891709_1.fastq.gzK22_2.fastq.gz
SRR5891710	TA-6198	ILLUMINA	data/Vitis_vinifera_Liang2019/fastq/SRR5891710_1.fastq.gz	data/Vitis_vinifera_Liang2019/fastq/SRR5891710_1.fastq.gzTA-6198_2.fastq.gz
SRR5891711	TA-6197	ILLUMINA	data/Vitis_vinifera_Liang2019/fastq/SRR5891711_1.fastq.gz	data/Vitis_vinifera_Liang2019/fastq/SRR5891711_1.fastq.gzTA-6197_2.fastq.gz
SRR5891712	TA-6211	ILLUMINA	data/Vitis_vinifera_Liang2019/fastq/SRR5891712_1.fastq.gz	data/Vitis_vinifera_Liang2019/fastq/SRR5891712_1.fastq.gzTA-6211_2.fastq.gz
SRR5891713	TA-6210	ILLUMINA	data/Vitis_vinifera_Liang2019/fastq/SRR5891713_1.fastq.gz	data/Vitis_vinifera_Liang2019/fastq/SRR5891713_1.fastq.gzTA-6210_2.fastq.gz
SRR5891714	TA-6209	ILLUMINA	data/Vitis_vinifera_Liang2019/fastq/SRR5891714_1.fastq.gz	data/Vitis_vinifera_Liang2019/fastq/SRR5891714_1.fastq.gzTA-6209_2.fastq.gz
SRR5891715	TA-6208	ILLUMINA	data/Vitis_vinifera_Liang2019/fastq/SRR5891715_1.fastq.gz	data/Vitis_vinifera_Liang2019/fastq/SRR5891715_1.fastq.gzTA-6208_2.fastq.gz
SRR5891716	TA-6207	ILLUMINA	data/Vitis_vinifera_Liang2019/fastq/SRR5891716_1.fastq.gz	data/Vitis_vinifera_Liang2019/fastq/SRR5891716_1.fastq.gzTA-6207_2.fastq.gz
SRR5891717	TA-6204	ILLUMINA	data/Vitis_vinifera_Liang2019/fastq/SRR5891717_1.fastq.gz	data/Vitis_vinifera_Liang2019/fastq/SRR5891717_1.fastq.gzTA-6204_2.fastq.gz
SRR5891718	TA-6201	ILLUMINA	data/Vitis_vinifera_Liang2019/fastq/SRR5891718_1.fastq.gz	data/Vitis_vinifera_Liang2019/fastq/SRR5891718_1.fastq.gzTA-6201_2.fastq.gz
SRR5891719	TA-6199	ILLUMINA	data/Vitis_vinifera_Liang2019/fastq/SRR5891719_1.fastq.gz	data/Vitis_vinifera_Liang2019/fastq/SRR5891719_1.fastq.gzTA-6199_2.fastq.gz
SRR5891720	TA-6213	ILLUMINA	data/Vitis_vinifera_Liang2019/fastq/SRR5891720_1.fastq.gz	data/Vitis_vinifera_Liang2019/fastq/SRR5891720_1.fastq.gzTA-6213_2.fastq.gz
SRR5891721	TA-6212	ILLUMINA	data/Vitis_vinifera_Liang2019/fastq/SRR5891721_1.fastq.gz	data/Vitis_vinifera_Liang2019/fastq/SRR5891721_1.fastq.gzTA-6212_2.fastq.gz
SRR5891722	TA-416	ILLUMINA	data/Vitis_vinifera_Liang2019/fastq/SRR5891722_1.fastq.gz	data/Vitis_vinifera_Liang2019/fastq/SRR5891722_1.fastq.gzTA-416_2.fastq.gz
SRR5891723	TA-333	ILLUMINA	data/Vitis_vinifera_Liang2019/fastq/SRR5891723_1.fastq.gz	data/Vitis_vinifera_Liang2019/fastq/SRR5891723_1.fastq.gzTA-333_2.fastq.gz
SRR5891724	TA-224	ILLUMINA	data/Vitis_vinifera_Liang2019/fastq/SRR5891724_1.fastq.gz	data/Vitis_vinifera_Liang2019/fastq/SRR5891724_1.fastq.gzTA-224_2.fastq.gz
SRR5891725	TA-221	ILLUMINA	data/Vitis_vinifera_Liang2019/fastq/SRR5891725_1.fastq.gz	data/Vitis_vinifera_Liang2019/fastq/SRR5891725_1.fastq.gzTA-221_2.fastq.gz
SRR5891726	TA-290	ILLUMINA	data/Vitis_vinifera_Liang2019/fastq/SRR5891726_1.fastq.gz	data/Vitis_vinifera_Liang2019/fastq/SRR5891726_1.fastq.gzTA-290_2.fastq.gz
SRR5891727	TA-216	ILLUMINA	data/Vitis_vinifera_Liang2019/fastq/SRR5891727_1.fastq.gz	data/Vitis_vinifera_Liang2019/fastq/SRR5891727_1.fastq.gzTA-216_2.fastq.gz
SRR5891728	TA-157	ILLUMINA	data/Vitis_vinifera_Liang2019/fastq/SRR5891728_1.fastq.gz	data/Vitis_vinifera_Liang2019/fastq/SRR5891728_1.fastq.gzTA-157_2.fastq.gz
SRR5891729	TA-394	ILLUMINA	data/Vitis_vinifera_Liang2019/fastq/SRR5891729_1.fastq.gz	data/Vitis_vinifera_Liang2019/fastq/SRR5891729_1.fastq.gzTA-394_2.fastq.gz
SRR5891730	TA-225	ILLUMINA	data/Vitis_vinifera_Liang2019/fastq/SRR5891730_1.fastq.gz	data/Vitis_vinifera_Liang2019/fastq/SRR5891730_1.fastq.gzTA-225_2.fastq.gz
SRR5891731	TA-227	ILLUMINA	data/Vitis_vinifera_Liang2019/fastq/SRR5891731_1.fastq.gz	data/Vitis_vinifera_Liang2019/fastq/SRR5891731_1.fastq.gzTA-227_2.fastq.gz
SRR5891732	TA-352	ILLUMINA	data/Vitis_vinifera_Liang2019/fastq/SRR5891732_1.fastq.gz	data/Vitis_vinifera_Liang2019/fastq/SRR5891732_1.fastq.gzTA-352_2.fastq.gz
SRR5891733	TA-212	ILLUMINA	data/Vitis_vinifera_Liang2019/fastq/SRR5891733_1.fastq.gz	data/Vitis_vinifera_Liang2019/fastq/SRR5891733_1.fastq.gzTA-212_2.fastq.gz
SRR5891734	TA-211	ILLUMINA	data/Vitis_vinifera_Liang2019/fastq/SRR5891734_1.fastq.gz	data/Vitis_vinifera_Liang2019/fastq/SRR5891734_1.fastq.gzTA-211_2.fastq.gz
SRR5891735	TA-210	ILLUMINA	data/Vitis_vinifera_Liang2019/fastq/SRR5891735_1.fastq.gz	data/Vitis_vinifera_Liang2019/fastq/SRR5891735_1.fastq.gzTA-210_2.fastq.gz
SRR5891736	TA-370	ILLUMINA	data/Vitis_vinifera_Liang2019/fastq/SRR5891736_1.fastq.gz	data/Vitis_vinifera_Liang2019/fastq/SRR5891736_1.fastq.gzTA-370_2.fastq.gz
SRR5891737	TA-208	ILLUMINA	data/Vitis_vinifera_Liang2019/fastq/SRR5891737_1.fastq.gz	data/Vitis_vinifera_Liang2019/fastq/SRR5891737_1.fastq.gzTA-208_2.fastq.gz
SRR5891738	TA-207	ILLUMINA	data/Vitis_vinifera_Liang2019/fastq/SRR5891738_1.fastq.gz	data/Vitis_vinifera_Liang2019/fastq/SRR5891738_1.fastq.gzTA-207_2.fastq.gz
SRR5891739	TA-206	ILLUMINA	data/Vitis_vinifera_Liang2019/fastq/SRR5891739_1.fastq.gz	data/Vitis_vinifera_Liang2019/fastq/SRR5891739_1.fastq.gzTA-206_2.fastq.gz
SRR5891740	TA-101	ILLUMINA	data/Vitis_vinifera_Liang2019/fastq/SRR5891740_1.fastq.gz	data/Vitis_vinifera_Liang2019/fastq/SRR5891740_1.fastq.gzTA-101_2.fastq.gz
SRR5891741	TA-102	ILLUMINA	data/Vitis_vinifera_Liang2019/fastq/SRR5891741_1.fastq.gz	data/Vitis_vinifera_Liang2019/fastq/SRR5891741_1.fastq.gzTA-102_2.fastq.gz
SRR5891742	TA-84	ILLUMINA	data/Vitis_vinifera_Liang2019/fastq/SRR5891742_1.fastq.gz	data/Vitis_vinifera_Liang2019/fastq/SRR5891742_1.fastq.gzTA-84_2.fastq.gz
SRR5891743	TA-8	ILLUMINA	data/Vitis_vinifera_Liang2019/fastq/SRR5891743_1.fastq.gz	data/Vitis_vinifera_Liang2019/fastq/SRR5891743_1.fastq.gzTA-8_2.fastq.gz
SRR5891744	TA-106	ILLUMINA	data/Vitis_vinifera_Liang2019/fastq/SRR5891744_1.fastq.gz	data/Vitis_vinifera_Liang2019/fastq/SRR5891744_1.fastq.gzTA-106_2.fastq.gz
SRR5891745	TA-229	ILLUMINA	data/Vitis_vinifera_Liang2019/fastq/SRR5891745_1.fastq.gz	data/Vitis_vinifera_Liang2019/fastq/SRR5891745_1.fastq.gzTA-229_2.fastq.gz
SRR5891746	TA-87	ILLUMINA	data/Vitis_vinifera_Liang2019/fastq/SRR5891746_1.fastq.gz	data/Vitis_vinifera_Liang2019/fastq/SRR5891746_1.fastq.gzTA-87_2.fastq.gz
SRR5891747	TA-245	ILLUMINA	data/Vitis_vinifera_Liang2019/fastq/SRR5891747_1.fastq.gz	data/Vitis_vinifera_Liang2019/fastq/SRR5891747_1.fastq.gzTA-245_2.fastq.gz
SRR5891748	TA-141	ILLUMINA	data/Vitis_vinifera_Liang2019/fastq/SRR5891748_1.fastq.gz	data/Vitis_vinifera_Liang2019/fastq/SRR5891748_1.fastq.gzTA-141_2.fastq.gz
SRR5891749	TA-27	ILLUMINA	data/Vitis_vinifera_Liang2019/fastq/SRR5891749_1.fastq.gz	data/Vitis_vinifera_Liang2019/fastq/SRR5891749_1.fastq.gzTA-27_2.fastq.gz
SRR5891750	TA-42	ILLUMINA	data/Vitis_vinifera_Liang2019/fastq/SRR5891750_1.fastq.gz	data/Vitis_vinifera_Liang2019/fastq/SRR5891750_1.fastq.gzTA-42_2.fastq.gz
SRR5891751	TA-396	ILLUMINA	data/Vitis_vinifera_Liang2019/fastq/SRR5891751_1.fastq.gz	data/Vitis_vinifera_Liang2019/fastq/SRR5891751_1.fastq.gzTA-396_2.fastq.gz
SRR5891752	TA-274	ILLUMINA	data/Vitis_vinifera_Liang2019/fastq/SRR5891752_1.fastq.gz	data/Vitis_vinifera_Liang2019/fastq/SRR5891752_1.fastq.gzTA-274_2.fastq.gz
SRR5891753	TA-202	ILLUMINA	data/Vitis_vinifera_Liang2019/fastq/SRR5891753_1.fastq.gz	data/Vitis_vinifera_Liang2019/fastq/SRR5891753_1.fastq.gzTA-202_2.fastq.gz
SRR5891754	TA-203	ILLUMINA	data/Vitis_vinifera_Liang2019/fastq/SRR5891754_1.fastq.gz	data/Vitis_vinifera_Liang2019/fastq/SRR5891754_1.fastq.gzTA-203_2.fastq.gz
SRR5891755	TA-386	ILLUMINA	data/Vitis_vinifera_Liang2019/fastq/SRR5891755_1.fastq.gz	data/Vitis_vinifera_Liang2019/fastq/SRR5891755_1.fastq.gzTA-386_2.fastq.gz
SRR5891756	TA-94	ILLUMINA	data/Vitis_vinifera_Liang2019/fastq/SRR5891756_1.fastq.gz	data/Vitis_vinifera_Liang2019/fastq/SRR5891756_1.fastq.gzTA-94_2.fastq.gz
SRR5891757	TA-118	ILLUMINA	data/Vitis_vinifera_Liang2019/fastq/SRR5891757_1.fastq.gz	data/Vitis_vinifera_Liang2019/fastq/SRR5891757_1.fastq.gzTA-118_2.fastq.gz
SRR5891758	Z140	ILLUMINA	data/Vitis_vinifera_Liang2019/fastq/SRR5891758_1.fastq.gz	data/Vitis_vinifera_Liang2019/fastq/SRR5891758_1.fastq.gzZ140_2.fastq.gz
SRR5891759	KE 23	ILLUMINA	data/Vitis_vinifera_Liang2019/fastq/SRR5891759_1.fastq.gz	data/Vitis_vinifera_Liang2019/fastq/SRR5891759_1.fastq.gzKE 23_2.fastq.gz
SRR5891760	TA-6267	ILLUMINA	data/Vitis_vinifera_Liang2019/fastq/SRR5891760_1.fastq.gz	data/Vitis_vinifera_Liang2019/fastq/SRR5891760_1.fastq.gzTA-6267_2.fastq.gz
SRR5891761	TA-6262	ILLUMINA	data/Vitis_vinifera_Liang2019/fastq/SRR5891761_1.fastq.gz	data/Vitis_vinifera_Liang2019/fastq/SRR5891761_1.fastq.gzTA-6262_2.fastq.gz
SRR5891762	TA-6260	ILLUMINA	data/Vitis_vinifera_Liang2019/fastq/SRR5891762_1.fastq.gz	data/Vitis_vinifera_Liang2019/fastq/SRR5891762_1.fastq.gzTA-6260_2.fastq.gz
SRR5891763	TA-6259	ILLUMINA	data/Vitis_vinifera_Liang2019/fastq/SRR5891763_1.fastq.gz	data/Vitis_vinifera_Liang2019/fastq/SRR5891763_1.fastq.gzTA-6259_2.fastq.gz
SRR5891764	TA-6258	ILLUMINA	data/Vitis_vinifera_Liang2019/fastq/SRR5891764_1.fastq.gz	data/Vitis_vinifera_Liang2019/fastq/SRR5891764_1.fastq.gzTA-6258_2.fastq.gz
SRR5891765	TA-6266	ILLUMINA	data/Vitis_vinifera_Liang2019/fastq/SRR5891765_1.fastq.gz	data/Vitis_vinifera_Liang2019/fastq/SRR5891765_1.fastq.gzTA-6266_2.fastq.gz
SRR5891766	TA-6265	ILLUMINA	data/Vitis_vinifera_Liang2019/fastq/SRR5891766_1.fastq.gz	data/Vitis_vinifera_Liang2019/fastq/SRR5891766_1.fastq.gzTA-6265_2.fastq.gz
SRR5891767	TA-6264	ILLUMINA	data/Vitis_vinifera_Liang2019/fastq/SRR5891767_1.fastq.gz	data/Vitis_vinifera_Liang2019/fastq/SRR5891767_1.fastq.gzTA-6264_2.fastq.gz
SRR5891768	TA-6263	ILLUMINA	data/Vitis_vinifera_Liang2019/fastq/SRR5891768_1.fastq.gz	data/Vitis_vinifera_Liang2019/fastq/SRR5891768_1.fastq.gzTA-6263_2.fastq.gz
SRR5891769	TA-292	ILLUMINA	data/Vitis_vinifera_Liang2019/fastq/SRR5891769_1.fastq.gz	data/Vitis_vinifera_Liang2019/fastq/SRR5891769_1.fastq.gzTA-292_2.fastq.gz
SRR5891770	TA-145	ILLUMINA	data/Vitis_vinifera_Liang2019/fastq/SRR5891770_1.fastq.gz	data/Vitis_vinifera_Liang2019/fastq/SRR5891770_1.fastq.gzTA-145_2.fastq.gz
SRR5891771	TA-18	ILLUMINA	data/Vitis_vinifera_Liang2019/fastq/SRR5891771_1.fastq.gz	data/Vitis_vinifera_Liang2019/fastq/SRR5891771_1.fastq.gzTA-18_2.fastq.gz
SRR5891772	TA-275	ILLUMINA	data/Vitis_vinifera_Liang2019/fastq/SRR5891772_1.fastq.gz	data/Vitis_vinifera_Liang2019/fastq/SRR5891772_1.fastq.gzTA-275_2.fastq.gz
SRR5891773	TA-397	ILLUMINA	data/Vitis_vinifera_Liang2019/fastq/SRR5891773_1.fastq.gz	data/Vitis_vinifera_Liang2019/fastq/SRR5891773_1.fastq.gzTA-397_2.fastq.gz
SRR5891774	TA-183	ILLUMINA	data/Vitis_vinifera_Liang2019/fastq/SRR5891774_1.fastq.gz	data/Vitis_vinifera_Liang2019/fastq/SRR5891774_1.fastq.gzTA-183_2.fastq.gz
SRR5891775	TA-254	ILLUMINA	data/Vitis_vinifera_Liang2019/fastq/SRR5891775_1.fastq.gz	data/Vitis_vinifera_Liang2019/fastq/SRR5891775_1.fastq.gzTA-254_2.fastq.gz
SRR5891776	TA-280	ILLUMINA	data/Vitis_vinifera_Liang2019/fastq/SRR5891776_1.fastq.gz	data/Vitis_vinifera_Liang2019/fastq/SRR5891776_1.fastq.gzTA-280_2.fastq.gz
SRR5891777	TA-218	ILLUMINA	data/Vitis_vinifera_Liang2019/fastq/SRR5891777_1.fastq.gz	data/Vitis_vinifera_Liang2019/fastq/SRR5891777_1.fastq.gzTA-218_2.fastq.gz
SRR5891778	TA-238	ILLUMINA	data/Vitis_vinifera_Liang2019/fastq/SRR5891778_1.fastq.gz	data/Vitis_vinifera_Liang2019/fastq/SRR5891778_1.fastq.gzTA-238_2.fastq.gz
SRR5891779	TA-405	ILLUMINA	data/Vitis_vinifera_Liang2019/fastq/SRR5891779_1.fastq.gz	data/Vitis_vinifera_Liang2019/fastq/SRR5891779_1.fastq.gzTA-405_2.fastq.gz
SRR5891780	TA-6127	ILLUMINA	data/Vitis_vinifera_Liang2019/fastq/SRR5891780_1.fastq.gz	data/Vitis_vinifera_Liang2019/fastq/SRR5891780_1.fastq.gzTA-6127_2.fastq.gz
SRR5891781	TA-137	ILLUMINA	data/Vitis_vinifera_Liang2019/fastq/SRR5891781_1.fastq.gz	data/Vitis_vinifera_Liang2019/fastq/SRR5891781_1.fastq.gzTA-137_2.fastq.gz
SRR5891782	TA-15	ILLUMINA	data/Vitis_vinifera_Liang2019/fastq/SRR5891782_1.fastq.gz	data/Vitis_vinifera_Liang2019/fastq/SRR5891782_1.fastq.gzTA-15_2.fastq.gz
SRR5891783	TA-239	ILLUMINA	data/Vitis_vinifera_Liang2019/fastq/SRR5891783_1.fastq.gz	data/Vitis_vinifera_Liang2019/fastq/SRR5891783_1.fastq.gzTA-239_2.fastq.gz
SRR5891784	TA-129	ILLUMINA	data/Vitis_vinifera_Liang2019/fastq/SRR5891784_1.fastq.gz	data/Vitis_vinifera_Liang2019/fastq/SRR5891784_1.fastq.gzTA-129_2.fastq.gz
SRR5891785	TA-332	ILLUMINA	data/Vitis_vinifera_Liang2019/fastq/SRR5891785_1.fastq.gz	data/Vitis_vinifera_Liang2019/fastq/SRR5891785_1.fastq.gzTA-332_2.fastq.gz
SRR5891786	TA-14	ILLUMINA	data/Vitis_vinifera_Liang2019/fastq/SRR5891786_1.fastq.gz	data/Vitis_vinifera_Liang2019/fastq/SRR5891786_1.fastq.gzTA-14_2.fastq.gz
SRR5891787	TA-262	ILLUMINA	data/Vitis_vinifera_Liang2019/fastq/SRR5891787_1.fastq.gz	data/Vitis_vinifera_Liang2019/fastq/SRR5891787_1.fastq.gzTA-262_2.fastq.gz
SRR5891788	TA-103	ILLUMINA	data/Vitis_vinifera_Liang2019/fastq/SRR5891788_1.fastq.gz	data/Vitis_vinifera_Liang2019/fastq/SRR5891788_1.fastq.gzTA-103_2.fastq.gz
SRR5891789	TA-228	ILLUMINA	data/Vitis_vinifera_Liang2019/fastq/SRR5891789_1.fastq.gz	data/Vitis_vinifera_Liang2019/fastq/SRR5891789_1.fastq.gzTA-228_2.fastq.gz
SRR5891790	TA-13	ILLUMINA	data/Vitis_vinifera_Liang2019/fastq/SRR5891790_1.fastq.gz	data/Vitis_vinifera_Liang2019/fastq/SRR5891790_1.fastq.gzTA-13_2.fastq.gz
SRR5891791	TA-20	ILLUMINA	data/Vitis_vinifera_Liang2019/fastq/SRR5891791_1.fastq.gz	data/Vitis_vinifera_Liang2019/fastq/SRR5891791_1.fastq.gzTA-20_2.fastq.gz
SRR5891792	TA-255	ILLUMINA	data/Vitis_vinifera_Liang2019/fastq/SRR5891792_1.fastq.gz	data/Vitis_vinifera_Liang2019/fastq/SRR5891792_1.fastq.gzTA-255_2.fastq.gz
SRR5891793	TA-267	ILLUMINA	data/Vitis_vinifera_Liang2019/fastq/SRR5891793_1.fastq.gz	data/Vitis_vinifera_Liang2019/fastq/SRR5891793_1.fastq.gzTA-267_2.fastq.gz
SRR5891794	TA-182	ILLUMINA	data/Vitis_vinifera_Liang2019/fastq/SRR5891794_1.fastq.gz	data/Vitis_vinifera_Liang2019/fastq/SRR5891794_1.fastq.gzTA-182_2.fastq.gz
SRR5891795	TA-5901	ILLUMINA	data/Vitis_vinifera_Liang2019/fastq/SRR5891795_1.fastq.gz	data/Vitis_vinifera_Liang2019/fastq/SRR5891795_1.fastq.gzTA-5901_2.fastq.gz
SRR5891796	TA-276	ILLUMINA	data/Vitis_vinifera_Liang2019/fastq/SRR5891796_1.fastq.gz	data/Vitis_vinifera_Liang2019/fastq/SRR5891796_1.fastq.gzTA-276_2.fastq.gz
SRR5891797	TA-217	ILLUMINA	data/Vitis_vinifera_Liang2019/fastq/SRR5891797_1.fastq.gz	data/Vitis_vinifera_Liang2019/fastq/SRR5891797_1.fastq.gzTA-217_2.fastq.gz
SRR5891798	TA-166	ILLUMINA	data/Vitis_vinifera_Liang2019/fastq/SRR5891798_1.fastq.gz	data/Vitis_vinifera_Liang2019/fastq/SRR5891798_1.fastq.gzTA-166_2.fastq.gz
SRR5891799	TA-192	ILLUMINA	data/Vitis_vinifera_Liang2019/fastq/SRR5891799_1.fastq.gz	data/Vitis_vinifera_Liang2019/fastq/SRR5891799_1.fastq.gzTA-192_2.fastq.gz
SRR5891800	TA-1	ILLUMINA	data/Vitis_vinifera_Liang2019/fastq/SRR5891800_1.fastq.gz	data/Vitis_vinifera_Liang2019/fastq/SRR5891800_1.fastq.gzTA-1_2.fastq.gz
SRR5891801	TA-7417	ILLUMINA	data/Vitis_vinifera_Liang2019/fastq/SRR5891801_1.fastq.gz	data/Vitis_vinifera_Liang2019/fastq/SRR5891801_1.fastq.gzTA-7417_2.fastq.gz
SRR5891802	TA-5879	ILLUMINA	data/Vitis_vinifera_Liang2019/fastq/SRR5891802_1.fastq.gz	data/Vitis_vinifera_Liang2019/fastq/SRR5891802_1.fastq.gzTA-5879_2.fastq.gz
SRR5891803	TA-181	ILLUMINA	data/Vitis_vinifera_Liang2019/fastq/SRR5891803_1.fastq.gz	data/Vitis_vinifera_Liang2019/fastq/SRR5891803_1.fastq.gzTA-181_2.fastq.gz
SRR5891804	TA-60	ILLUMINA	data/Vitis_vinifera_Liang2019/fastq/SRR5891804_1.fastq.gz	data/Vitis_vinifera_Liang2019/fastq/SRR5891804_1.fastq.gzTA-60_2.fastq.gz
SRR5891805	TA-165	ILLUMINA	data/Vitis_vinifera_Liang2019/fastq/SRR5891805_1.fastq.gz	data/Vitis_vinifera_Liang2019/fastq/SRR5891805_1.fastq.gzTA-165_2.fastq.gz
SRR5891806	TA-5	ILLUMINA	data/Vitis_vinifera_Liang2019/fastq/SRR5891806_1.fastq.gz	data/Vitis_vinifera_Liang2019/fastq/SRR5891806_1.fastq.gzTA-5_2.fastq.gz
SRR5891807	TA-314	ILLUMINA	data/Vitis_vinifera_Liang2019/fastq/SRR5891807_1.fastq.gz	data/Vitis_vinifera_Liang2019/fastq/SRR5891807_1.fastq.gzTA-314_2.fastq.gz
SRR5891808	TA-44	ILLUMINA	data/Vitis_vinifera_Liang2019/fastq/SRR5891808_1.fastq.gz	data/Vitis_vinifera_Liang2019/fastq/SRR5891808_1.fastq.gzTA-44_2.fastq.gz
SRR5891809	TA-323	ILLUMINA	data/Vitis_vinifera_Liang2019/fastq/SRR5891809_1.fastq.gz	data/Vitis_vinifera_Liang2019/fastq/SRR5891809_1.fastq.gzTA-323_2.fastq.gz
SRR5891810	TA-322	ILLUMINA	data/Vitis_vinifera_Liang2019/fastq/SRR5891810_1.fastq.gz	data/Vitis_vinifera_Liang2019/fastq/SRR5891810_1.fastq.gzTA-322_2.fastq.gz
SRR5891811	TA-40	ILLUMINA	data/Vitis_vinifera_Liang2019/fastq/SRR5891811_1.fastq.gz	data/Vitis_vinifera_Liang2019/fastq/SRR5891811_1.fastq.gzTA-40_2.fastq.gz
SRR5891812	TA-39	ILLUMINA	data/Vitis_vinifera_Liang2019/fastq/SRR5891812_1.fastq.gz	data/Vitis_vinifera_Liang2019/fastq/SRR5891812_1.fastq.gzTA-39_2.fastq.gz
SRR5891813	TA-72	ILLUMINA	data/Vitis_vinifera_Liang2019/fastq/SRR5891813_1.fastq.gz	data/Vitis_vinifera_Liang2019/fastq/SRR5891813_1.fastq.gzTA-72_2.fastq.gz
SRR5891814	TA-324	ILLUMINA	data/Vitis_vinifera_Liang2019/fastq/SRR5891814_1.fastq.gz	data/Vitis_vinifera_Liang2019/fastq/SRR5891814_1.fastq.gzTA-324_2.fastq.gz
SRR5891815	TA-312	ILLUMINA	data/Vitis_vinifera_Liang2019/fastq/SRR5891815_1.fastq.gz	data/Vitis_vinifera_Liang2019/fastq/SRR5891815_1.fastq.gzTA-312_2.fastq.gz
SRR5891816	TA-41	ILLUMINA	data/Vitis_vinifera_Liang2019/fastq/SRR5891816_1.fastq.gz	data/Vitis_vinifera_Liang2019/fastq/SRR5891816_1.fastq.gzTA-41_2.fastq.gz
SRR5891817	TA-223	ILLUMINA	data/Vitis_vinifera_Liang2019/fastq/SRR5891817_1.fastq.gz	data/Vitis_vinifera_Liang2019/fastq/SRR5891817_1.fastq.gzTA-223_2.fastq.gz
SRR5891818	TA-140	ILLUMINA	data/Vitis_vinifera_Liang2019/fastq/SRR5891818_1.fastq.gz	data/Vitis_vinifera_Liang2019/fastq/SRR5891818_1.fastq.gzTA-140_2.fastq.gz
SRR5891819	TA-222	ILLUMINA	data/Vitis_vinifera_Liang2019/fastq/SRR5891819_1.fastq.gz	data/Vitis_vinifera_Liang2019/fastq/SRR5891819_1.fastq.gzTA-222_2.fastq.gz
SRR5891820	TA-139	ILLUMINA	data/Vitis_vinifera_Liang2019/fastq/SRR5891820_1.fastq.gz	data/Vitis_vinifera_Liang2019/fastq/SRR5891820_1.fastq.gzTA-139_2.fastq.gz
SRR5891821	TA-339	ILLUMINA	data/Vitis_vinifera_Liang2019/fastq/SRR5891821_1.fastq.gz	data/Vitis_vinifera_Liang2019/fastq/SRR5891821_1.fastq.gzTA-339_2.fastq.gz
SRR5891822	TA-66	ILLUMINA	data/Vitis_vinifera_Liang2019/fastq/SRR5891822_1.fastq.gz	data/Vitis_vinifera_Liang2019/fastq/SRR5891822_1.fastq.gzTA-66_2.fastq.gz
SRR5891823	TA-259	ILLUMINA	data/Vitis_vinifera_Liang2019/fastq/SRR5891823_1.fastq.gz	data/Vitis_vinifera_Liang2019/fastq/SRR5891823_1.fastq.gzTA-259_2.fastq.gz
SRR5891824	TA-21	ILLUMINA	data/Vitis_vinifera_Liang2019/fastq/SRR5891824_1.fastq.gz	data/Vitis_vinifera_Liang2019/fastq/SRR5891824_1.fastq.gzTA-21_2.fastq.gz
SRR5891825	TA-343	ILLUMINA	data/Vitis_vinifera_Liang2019/fastq/SRR5891825_1.fastq.gz	data/Vitis_vinifera_Liang2019/fastq/SRR5891825_1.fastq.gzTA-343_2.fastq.gz
SRR5891826	TA-424	ILLUMINA	data/Vitis_vinifera_Liang2019/fastq/SRR5891826_1.fastq.gz	data/Vitis_vinifera_Liang2019/fastq/SRR5891826_1.fastq.gzTA-424_2.fastq.gz
SRR5891827	TA-249	ILLUMINA	data/Vitis_vinifera_Liang2019/fastq/SRR5891827_1.fastq.gz	data/Vitis_vinifera_Liang2019/fastq/SRR5891827_1.fastq.gzTA-249_2.fastq.gz
SRR5891828	TA-85	ILLUMINA	data/Vitis_vinifera_Liang2019/fastq/SRR5891828_1.fastq.gz	data/Vitis_vinifera_Liang2019/fastq/SRR5891828_1.fastq.gzTA-85_2.fastq.gz
SRR5891829	TA-231	ILLUMINA	data/Vitis_vinifera_Liang2019/fastq/SRR5891829_1.fastq.gz	data/Vitis_vinifera_Liang2019/fastq/SRR5891829_1.fastq.gzTA-231_2.fastq.gz
SRR5891830	TA-271	ILLUMINA	data/Vitis_vinifera_Liang2019/fastq/SRR5891830_1.fastq.gz	data/Vitis_vinifera_Liang2019/fastq/SRR5891830_1.fastq.gzTA-271_2.fastq.gz
SRR5891831	TA-230	ILLUMINA	data/Vitis_vinifera_Liang2019/fastq/SRR5891831_1.fastq.gz	data/Vitis_vinifera_Liang2019/fastq/SRR5891831_1.fastq.gzTA-230_2.fastq.gz
SRR5891832	TA-9	ILLUMINA	data/Vitis_vinifera_Liang2019/fastq/SRR5891832_1.fastq.gz	data/Vitis_vinifera_Liang2019/fastq/SRR5891832_1.fastq.gzTA-9_2.fastq.gz
SRR5891833	TA-65	ILLUMINA	data/Vitis_vinifera_Liang2019/fastq/SRR5891833_1.fastq.gz	data/Vitis_vinifera_Liang2019/fastq/SRR5891833_1.fastq.gzTA-65_2.fastq.gz
SRR5891834	TA-24	ILLUMINA	data/Vitis_vinifera_Liang2019/fastq/SRR5891834_1.fastq.gz	data/Vitis_vinifera_Liang2019/fastq/SRR5891834_1.fastq.gzTA-24_2.fastq.gz
SRR5891835	TA-104	ILLUMINA	data/Vitis_vinifera_Liang2019/fastq/SRR5891835_1.fastq.gz	data/Vitis_vinifera_Liang2019/fastq/SRR5891835_1.fastq.gzTA-104_2.fastq.gz
SRR5891836	TA-22	ILLUMINA	data/Vitis_vinifera_Liang2019/fastq/SRR5891836_1.fastq.gz	data/Vitis_vinifera_Liang2019/fastq/SRR5891836_1.fastq.gzTA-22_2.fastq.gz
SRR5891837	TA-147	ILLUMINA	data/Vitis_vinifera_Liang2019/fastq/SRR5891837_1.fastq.gz	data/Vitis_vinifera_Liang2019/fastq/SRR5891837_1.fastq.gzTA-147_2.fastq.gz
SRR5891838	TA-57	ILLUMINA	data/Vitis_vinifera_Liang2019/fastq/SRR5891838_1.fastq.gz	data/Vitis_vinifera_Liang2019/fastq/SRR5891838_1.fastq.gzTA-57_2.fastq.gz
SRR5891839	TA-56	ILLUMINA	data/Vitis_vinifera_Liang2019/fastq/SRR5891839_1.fastq.gz	data/Vitis_vinifera_Liang2019/fastq/SRR5891839_1.fastq.gzTA-56_2.fastq.gz
SRR5891840	TA-33	ILLUMINA	data/Vitis_vinifera_Liang2019/fastq/SRR5891840_1.fastq.gz	data/Vitis_vinifera_Liang2019/fastq/SRR5891840_1.fastq.gzTA-33_2.fastq.gz
SRR5891841	TA-37	ILLUMINA	data/Vitis_vinifera_Liang2019/fastq/SRR5891841_1.fastq.gz	data/Vitis_vinifera_Liang2019/fastq/SRR5891841_1.fastq.gzTA-37_2.fastq.gz
SRR5891842	TA-32	ILLUMINA	data/Vitis_vinifera_Liang2019/fastq/SRR5891842_1.fastq.gz	data/Vitis_vinifera_Liang2019/fastq/SRR5891842_1.fastq.gzTA-32_2.fastq.gz
SRR5891843	TA-361	ILLUMINA	data/Vitis_vinifera_Liang2019/fastq/SRR5891843_1.fastq.gz	data/Vitis_vinifera_Liang2019/fastq/SRR5891843_1.fastq.gzTA-361_2.fastq.gz
SRR5891844	TA-36	ILLUMINA	data/Vitis_vinifera_Liang2019/fastq/SRR5891844_1.fastq.gz	data/Vitis_vinifera_Liang2019/fastq/SRR5891844_1.fastq.gzTA-36_2.fastq.gz
SRR5891845	TA-31	ILLUMINA	data/Vitis_vinifera_Liang2019/fastq/SRR5891845_1.fastq.gz	data/Vitis_vinifera_Liang2019/fastq/SRR5891845_1.fastq.gzTA-31_2.fastq.gz
SRR5891846	TA-35	ILLUMINA	data/Vitis_vinifera_Liang2019/fastq/SRR5891846_1.fastq.gz	data/Vitis_vinifera_Liang2019/fastq/SRR5891846_1.fastq.gzTA-35_2.fastq.gz
SRR5891847	TA-237	ILLUMINA	data/Vitis_vinifera_Liang2019/fastq/SRR5891847_1.fastq.gz	data/Vitis_vinifera_Liang2019/fastq/SRR5891847_1.fastq.gzTA-237_2.fastq.gz
SRR5891848	TA-11	ILLUMINA	data/Vitis_vinifera_Liang2019/fastq/SRR5891848_1.fastq.gz	data/Vitis_vinifera_Liang2019/fastq/SRR5891848_1.fastq.gzTA-11_2.fastq.gz
SRR5891849	TA-131	ILLUMINA	data/Vitis_vinifera_Liang2019/fastq/SRR5891849_1.fastq.gz	data/Vitis_vinifera_Liang2019/fastq/SRR5891849_1.fastq.gzTA-131_2.fastq.gz
SRR5891850	TA-297	ILLUMINA	data/Vitis_vinifera_Liang2019/fastq/SRR5891850_1.fastq.gz	data/Vitis_vinifera_Liang2019/fastq/SRR5891850_1.fastq.gzTA-297_2.fastq.gz
SRR5891851	TA-114	ILLUMINA	data/Vitis_vinifera_Liang2019/fastq/SRR5891851_1.fastq.gz	data/Vitis_vinifera_Liang2019/fastq/SRR5891851_1.fastq.gzTA-114_2.fastq.gz
SRR5891852	TA-300	ILLUMINA	data/Vitis_vinifera_Liang2019/fastq/SRR5891852_1.fastq.gz	data/Vitis_vinifera_Liang2019/fastq/SRR5891852_1.fastq.gzTA-300_2.fastq.gz
SRR5891853	TA-282	ILLUMINA	data/Vitis_vinifera_Liang2019/fastq/SRR5891853_1.fastq.gz	data/Vitis_vinifera_Liang2019/fastq/SRR5891853_1.fastq.gzTA-282_2.fastq.gz
SRR5891854	TA-251	ILLUMINA	data/Vitis_vinifera_Liang2019/fastq/SRR5891854_1.fastq.gz	data/Vitis_vinifera_Liang2019/fastq/SRR5891854_1.fastq.gzTA-251_2.fastq.gz
SRR5891855	TA-257	ILLUMINA	data/Vitis_vinifera_Liang2019/fastq/SRR5891855_1.fastq.gz	data/Vitis_vinifera_Liang2019/fastq/SRR5891855_1.fastq.gzTA-257_2.fastq.gz
SRR5891856	TA-113	ILLUMINA	data/Vitis_vinifera_Liang2019/fastq/SRR5891856_1.fastq.gz	data/Vitis_vinifera_Liang2019/fastq/SRR5891856_1.fastq.gzTA-113_2.fastq.gz
SRR5891857	TA-389	ILLUMINA	data/Vitis_vinifera_Liang2019/fastq/SRR5891857_1.fastq.gz	data/Vitis_vinifera_Liang2019/fastq/SRR5891857_1.fastq.gzTA-389_2.fastq.gz
SRR5891858	TA-132	ILLUMINA	data/Vitis_vinifera_Liang2019/fastq/SRR5891858_1.fastq.gz	data/Vitis_vinifera_Liang2019/fastq/SRR5891858_1.fastq.gzTA-132_2.fastq.gz
SRR5891859	TA-269	ILLUMINA	data/Vitis_vinifera_Liang2019/fastq/SRR5891859_1.fastq.gz	data/Vitis_vinifera_Liang2019/fastq/SRR5891859_1.fastq.gzTA-269_2.fastq.gz
SRR5891860	TA-270	ILLUMINA	data/Vitis_vinifera_Liang2019/fastq/SRR5891860_1.fastq.gz	data/Vitis_vinifera_Liang2019/fastq/SRR5891860_1.fastq.gzTA-270_2.fastq.gz
SRR5891861	TA-81	ILLUMINA	data/Vitis_vinifera_Liang2019/fastq/SRR5891861_1.fastq.gz	data/Vitis_vinifera_Liang2019/fastq/SRR5891861_1.fastq.gzTA-81_2.fastq.gz
SRR5891862	TA-6143	ILLUMINA	data/Vitis_vinifera_Liang2019/fastq/SRR5891862_1.fastq.gz	data/Vitis_vinifera_Liang2019/fastq/SRR5891862_1.fastq.gzTA-6143_2.fastq.gz
SRR5891863	TA-242	ILLUMINA	data/Vitis_vinifera_Liang2019/fastq/SRR5891863_1.fastq.gz	data/Vitis_vinifera_Liang2019/fastq/SRR5891863_1.fastq.gzTA-242_2.fastq.gz
SRR5891864	TA-146	ILLUMINA	data/Vitis_vinifera_Liang2019/fastq/SRR5891864_1.fastq.gz	data/Vitis_vinifera_Liang2019/fastq/SRR5891864_1.fastq.gzTA-146_2.fastq.gz
SRR5891865	TA-159	ILLUMINA	data/Vitis_vinifera_Liang2019/fastq/SRR5891865_1.fastq.gz	data/Vitis_vinifera_Liang2019/fastq/SRR5891865_1.fastq.gzTA-159_2.fastq.gz
SRR5891866	TA-235	ILLUMINA	data/Vitis_vinifera_Liang2019/fastq/SRR5891866_1.fastq.gz	data/Vitis_vinifera_Liang2019/fastq/SRR5891866_1.fastq.gzTA-235_2.fastq.gz
SRR5891867	TA-90	ILLUMINA	data/Vitis_vinifera_Liang2019/fastq/SRR5891867_1.fastq.gz	data/Vitis_vinifera_Liang2019/fastq/SRR5891867_1.fastq.gzTA-90_2.fastq.gz
SRR5891868	TA-236	ILLUMINA	data/Vitis_vinifera_Liang2019/fastq/SRR5891868_1.fastq.gz	data/Vitis_vinifera_Liang2019/fastq/SRR5891868_1.fastq.gzTA-236_2.fastq.gz
SRR5891869	TA-5895	ILLUMINA	data/Vitis_vinifera_Liang2019/fastq/SRR5891869_1.fastq.gz	data/Vitis_vinifera_Liang2019/fastq/SRR5891869_1.fastq.gzTA-5895_2.fastq.gz
SRR5891870	Z139	ILLUMINA	data/Vitis_vinifera_Liang2019/fastq/SRR5891870_1.fastq.gz	data/Vitis_vinifera_Liang2019/fastq/SRR5891870_1.fastq.gzZ139_2.fastq.gz
SRR5891871	Z154	ILLUMINA	data/Vitis_vinifera_Liang2019/fastq/SRR5891871_1.fastq.gz	data/Vitis_vinifera_Liang2019/fastq/SRR5891871_1.fastq.gzZ154_2.fastq.gz
SRR5891872	Z156	ILLUMINA	data/Vitis_vinifera_Liang2019/fastq/SRR5891872_1.fastq.gz	data/Vitis_vinifera_Liang2019/fastq/SRR5891872_1.fastq.gzZ156_2.fastq.gz
SRR5891873	TA-197	ILLUMINA	data/Vitis_vinifera_Liang2019/fastq/SRR5891873_1.fastq.gz	data/Vitis_vinifera_Liang2019/fastq/SRR5891873_1.fastq.gzTA-197_2.fastq.gz
SRR5891874	TA-6250	ILLUMINA	data/Vitis_vinifera_Liang2019/fastq/SRR5891874_1.fastq.gz	data/Vitis_vinifera_Liang2019/fastq/SRR5891874_1.fastq.gzTA-6250_2.fastq.gz
SRR5891875	TA-6253	ILLUMINA	data/Vitis_vinifera_Liang2019/fastq/SRR5891875_1.fastq.gz	data/Vitis_vinifera_Liang2019/fastq/SRR5891875_1.fastq.gzTA-6253_2.fastq.gz
SRR5891876	TA-6254	ILLUMINA	data/Vitis_vinifera_Liang2019/fastq/SRR5891876_1.fastq.gz	data/Vitis_vinifera_Liang2019/fastq/SRR5891876_1.fastq.gzTA-6254_2.fastq.gz
SRR5891877	TA-6255	ILLUMINA	data/Vitis_vinifera_Liang2019/fastq/SRR5891877_1.fastq.gz	data/Vitis_vinifera_Liang2019/fastq/SRR5891877_1.fastq.gzTA-6255_2.fastq.gz
SRR5891878	TA-6245	ILLUMINA	data/Vitis_vinifera_Liang2019/fastq/SRR5891878_1.fastq.gz	data/Vitis_vinifera_Liang2019/fastq/SRR5891878_1.fastq.gzTA-6245_2.fastq.gz
SRR5891879	TA-6246	ILLUMINA	data/Vitis_vinifera_Liang2019/fastq/SRR5891879_1.fastq.gz	data/Vitis_vinifera_Liang2019/fastq/SRR5891879_1.fastq.gzTA-6246_2.fastq.gz
SRR5891880	TA-6247	ILLUMINA	data/Vitis_vinifera_Liang2019/fastq/SRR5891880_1.fastq.gz	data/Vitis_vinifera_Liang2019/fastq/SRR5891880_1.fastq.gzTA-6247_2.fastq.gz
SRR5891881	TA-6248	ILLUMINA	data/Vitis_vinifera_Liang2019/fastq/SRR5891881_1.fastq.gz	data/Vitis_vinifera_Liang2019/fastq/SRR5891881_1.fastq.gzTA-6248_2.fastq.gz
SRR5891882	TA-6256	ILLUMINA	data/Vitis_vinifera_Liang2019/fastq/SRR5891882_1.fastq.gz	data/Vitis_vinifera_Liang2019/fastq/SRR5891882_1.fastq.gzTA-6256_2.fastq.gz
SRR5891883	TA-6257	ILLUMINA	data/Vitis_vinifera_Liang2019/fastq/SRR5891883_1.fastq.gz	data/Vitis_vinifera_Liang2019/fastq/SRR5891883_1.fastq.gzTA-6257_2.fastq.gz
SRR5891884	TA-173	ILLUMINA	data/Vitis_vinifera_Liang2019/fastq/SRR5891884_1.fastq.gz	data/Vitis_vinifera_Liang2019/fastq/SRR5891884_1.fastq.gzTA-173_2.fastq.gz
SRR5891885	TA-97	ILLUMINA	data/Vitis_vinifera_Liang2019/fastq/SRR5891885_1.fastq.gz	data/Vitis_vinifera_Liang2019/fastq/SRR5891885_1.fastq.gzTA-97_2.fastq.gz
SRR5891886	TA-379	ILLUMINA	data/Vitis_vinifera_Liang2019/fastq/SRR5891886_1.fastq.gz	data/Vitis_vinifera_Liang2019/fastq/SRR5891886_1.fastq.gzTA-379_2.fastq.gz
SRR5891887	TA-369	ILLUMINA	data/Vitis_vinifera_Liang2019/fastq/SRR5891887_1.fastq.gz	data/Vitis_vinifera_Liang2019/fastq/SRR5891887_1.fastq.gzTA-369_2.fastq.gz
SRR5891888	TA-362	ILLUMINA	data/Vitis_vinifera_Liang2019/fastq/SRR5891888_1.fastq.gz	data/Vitis_vinifera_Liang2019/fastq/SRR5891888_1.fastq.gzTA-362_2.fastq.gz
SRR5891889	TA-220	ILLUMINA	data/Vitis_vinifera_Liang2019/fastq/SRR5891889_1.fastq.gz	data/Vitis_vinifera_Liang2019/fastq/SRR5891889_1.fastq.gzTA-220_2.fastq.gz
SRR5891890	TA-241	ILLUMINA	data/Vitis_vinifera_Liang2019/fastq/SRR5891890_1.fastq.gz	data/Vitis_vinifera_Liang2019/fastq/SRR5891890_1.fastq.gzTA-241_2.fastq.gz
SRR5891891	TA-155	ILLUMINA	data/Vitis_vinifera_Liang2019/fastq/SRR5891891_1.fastq.gz	data/Vitis_vinifera_Liang2019/fastq/SRR5891891_1.fastq.gzTA-155_2.fastq.gz
SRR5891892	TA-156	ILLUMINA	data/Vitis_vinifera_Liang2019/fastq/SRR5891892_1.fastq.gz	data/Vitis_vinifera_Liang2019/fastq/SRR5891892_1.fastq.gzTA-156_2.fastq.gz
SRR5891893	TA-417	ILLUMINA	data/Vitis_vinifera_Liang2019/fastq/SRR5891893_1.fastq.gz	data/Vitis_vinifera_Liang2019/fastq/SRR5891893_1.fastq.gzTA-417_2.fastq.gz
SRR5891894	TA-392	ILLUMINA	data/Vitis_vinifera_Liang2019/fastq/SRR5891894_1.fastq.gz	data/Vitis_vinifera_Liang2019/fastq/SRR5891894_1.fastq.gzTA-392_2.fastq.gz
SRR5891895	TA-92	ILLUMINA	data/Vitis_vinifera_Liang2019/fastq/SRR5891895_1.fastq.gz	data/Vitis_vinifera_Liang2019/fastq/SRR5891895_1.fastq.gzTA-92_2.fastq.gz
SRR5891896	TA-272	ILLUMINA	data/Vitis_vinifera_Liang2019/fastq/SRR5891896_1.fastq.gz	data/Vitis_vinifera_Liang2019/fastq/SRR5891896_1.fastq.gzTA-272_2.fastq.gz
SRR5891897	TA-367	ILLUMINA	data/Vitis_vinifera_Liang2019/fastq/SRR5891897_1.fastq.gz	data/Vitis_vinifera_Liang2019/fastq/SRR5891897_1.fastq.gzTA-367_2.fastq.gz
SRR5891898	TA-281	ILLUMINA	data/Vitis_vinifera_Liang2019/fastq/SRR5891898_1.fastq.gz	data/Vitis_vinifera_Liang2019/fastq/SRR5891898_1.fastq.gzTA-281_2.fastq.gz
SRR5891899	TA-330	ILLUMINA	data/Vitis_vinifera_Liang2019/fastq/SRR5891899_1.fastq.gz	data/Vitis_vinifera_Liang2019/fastq/SRR5891899_1.fastq.gzTA-330_2.fastq.gz
SRR5891900	TA-266	ILLUMINA	data/Vitis_vinifera_Liang2019/fastq/SRR5891900_1.fastq.gz	data/Vitis_vinifera_Liang2019/fastq/SRR5891900_1.fastq.gzTA-266_2.fastq.gz
SRR5891901	TA-378	ILLUMINA	data/Vitis_vinifera_Liang2019/fastq/SRR5891901_1.fastq.gz	data/Vitis_vinifera_Liang2019/fastq/SRR5891901_1.fastq.gzTA-378_2.fastq.gz
SRR5891902	TA-143	ILLUMINA	data/Vitis_vinifera_Liang2019/fastq/SRR5891902_1.fastq.gz	data/Vitis_vinifera_Liang2019/fastq/SRR5891902_1.fastq.gzTA-143_2.fastq.gz
SRR5891903	TA-214	ILLUMINA	data/Vitis_vinifera_Liang2019/fastq/SRR5891903_1.fastq.gz	data/Vitis_vinifera_Liang2019/fastq/SRR5891903_1.fastq.gzTA-214_2.fastq.gz
SRR5891904	TA-144	ILLUMINA	data/Vitis_vinifera_Liang2019/fastq/SRR5891904_1.fastq.gz	data/Vitis_vinifera_Liang2019/fastq/SRR5891904_1.fastq.gzTA-144_2.fastq.gz
SRR5891905	TA-82	ILLUMINA	data/Vitis_vinifera_Liang2019/fastq/SRR5891905_1.fastq.gz	data/Vitis_vinifera_Liang2019/fastq/SRR5891905_1.fastq.gzTA-82_2.fastq.gz
SRR5891906	TA-130	ILLUMINA	data/Vitis_vinifera_Liang2019/fastq/SRR5891906_1.fastq.gz	data/Vitis_vinifera_Liang2019/fastq/SRR5891906_1.fastq.gzTA-130_2.fastq.gz
SRR5891907	TA-243	ILLUMINA	data/Vitis_vinifera_Liang2019/fastq/SRR5891907_1.fastq.gz	data/Vitis_vinifera_Liang2019/fastq/SRR5891907_1.fastq.gzTA-243_2.fastq.gz
SRR5891908	TA-175	ILLUMINA	data/Vitis_vinifera_Liang2019/fastq/SRR5891908_1.fastq.gz	data/Vitis_vinifera_Liang2019/fastq/SRR5891908_1.fastq.gzTA-175_2.fastq.gz
SRR5891909	TA-163	ILLUMINA	data/Vitis_vinifera_Liang2019/fastq/SRR5891909_1.fastq.gz	data/Vitis_vinifera_Liang2019/fastq/SRR5891909_1.fastq.gzTA-163_2.fastq.gz
SRR5891910	TA-305	ILLUMINA	data/Vitis_vinifera_Liang2019/fastq/SRR5891910_1.fastq.gz	data/Vitis_vinifera_Liang2019/fastq/SRR5891910_1.fastq.gzTA-305_2.fastq.gz
SRR5891911	TA-167	ILLUMINA	data/Vitis_vinifera_Liang2019/fastq/SRR5891911_1.fastq.gz	data/Vitis_vinifera_Liang2019/fastq/SRR5891911_1.fastq.gzTA-167_2.fastq.gz
SRR5891912	TA-6121	ILLUMINA	data/Vitis_vinifera_Liang2019/fastq/SRR5891912_1.fastq.gz	data/Vitis_vinifera_Liang2019/fastq/SRR5891912_1.fastq.gzTA-6121_2.fastq.gz
SRR5891913	TA-5875	ILLUMINA	data/Vitis_vinifera_Liang2019/fastq/SRR5891913_1.fastq.gz	data/Vitis_vinifera_Liang2019/fastq/SRR5891913_1.fastq.gzTA-5875_2.fastq.gz
SRR5891914	TA-6125	ILLUMINA	data/Vitis_vinifera_Liang2019/fastq/SRR5891914_1.fastq.gz	data/Vitis_vinifera_Liang2019/fastq/SRR5891914_1.fastq.gzTA-6125_2.fastq.gz
SRR5891915	TA-5911	ILLUMINA	data/Vitis_vinifera_Liang2019/fastq/SRR5891915_1.fastq.gz	data/Vitis_vinifera_Liang2019/fastq/SRR5891915_1.fastq.gzTA-5911_2.fastq.gz
SRR5891916	TA-6123	ILLUMINA	data/Vitis_vinifera_Liang2019/fastq/SRR5891916_1.fastq.gz	data/Vitis_vinifera_Liang2019/fastq/SRR5891916_1.fastq.gzTA-6123_2.fastq.gz
SRR5891917	TA-3	ILLUMINA	data/Vitis_vinifera_Liang2019/fastq/SRR5891917_1.fastq.gz	data/Vitis_vinifera_Liang2019/fastq/SRR5891917_1.fastq.gzTA-3_2.fastq.gz
SRR5891918	TA-390	ILLUMINA	data/Vitis_vinifera_Liang2019/fastq/SRR5891918_1.fastq.gz	data/Vitis_vinifera_Liang2019/fastq/SRR5891918_1.fastq.gzTA-390_2.fastq.gz
SRR5891919	TA-6132	ILLUMINA	data/Vitis_vinifera_Liang2019/fastq/SRR5891919_1.fastq.gz	data/Vitis_vinifera_Liang2019/fastq/SRR5891919_1.fastq.gzTA-6132_2.fastq.gz
SRR5891920	TA-6128	ILLUMINA	data/Vitis_vinifera_Liang2019/fastq/SRR5891920_1.fastq.gz	data/Vitis_vinifera_Liang2019/fastq/SRR5891920_1.fastq.gzTA-6128_2.fastq.gz
SRR5891921	TA-316	ILLUMINA	data/Vitis_vinifera_Liang2019/fastq/SRR5891921_1.fastq.gz	data/Vitis_vinifera_Liang2019/fastq/SRR5891921_1.fastq.gzTA-316_2.fastq.gz
SRR5891922	TA-75	ILLUMINA	data/Vitis_vinifera_Liang2019/fastq/SRR5891922_1.fastq.gz	data/Vitis_vinifera_Liang2019/fastq/SRR5891922_1.fastq.gzTA-75_2.fastq.gz
SRR5891923	TA-327	ILLUMINA	data/Vitis_vinifera_Liang2019/fastq/SRR5891923_1.fastq.gz	data/Vitis_vinifera_Liang2019/fastq/SRR5891923_1.fastq.gzTA-327_2.fastq.gz
SRR5891924	TA-74	ILLUMINA	data/Vitis_vinifera_Liang2019/fastq/SRR5891924_1.fastq.gz	data/Vitis_vinifera_Liang2019/fastq/SRR5891924_1.fastq.gzTA-74_2.fastq.gz
SRR5891925	TA-326	ILLUMINA	data/Vitis_vinifera_Liang2019/fastq/SRR5891925_1.fastq.gz	data/Vitis_vinifera_Liang2019/fastq/SRR5891925_1.fastq.gzTA-326_2.fastq.gz
SRR5891926	TA-73	ILLUMINA	data/Vitis_vinifera_Liang2019/fastq/SRR5891926_1.fastq.gz	data/Vitis_vinifera_Liang2019/fastq/SRR5891926_1.fastq.gzTA-73_2.fastq.gz
SRR5891927	TA-325	ILLUMINA	data/Vitis_vinifera_Liang2019/fastq/SRR5891927_1.fastq.gz	data/Vitis_vinifera_Liang2019/fastq/SRR5891927_1.fastq.gzTA-325_2.fastq.gz
SRR5891928	TA-69	ILLUMINA	data/Vitis_vinifera_Liang2019/fastq/SRR5891928_1.fastq.gz	data/Vitis_vinifera_Liang2019/fastq/SRR5891928_1.fastq.gzTA-69_2.fastq.gz
SRR5891929	Z146	ILLUMINA	data/Vitis_vinifera_Liang2019/fastq/SRR5891929_1.fastq.gz	data/Vitis_vinifera_Liang2019/fastq/SRR5891929_1.fastq.gzZ146_2.fastq.gz
SRR5891930	TA-45	ILLUMINA	data/Vitis_vinifera_Liang2019/fastq/SRR5891930_1.fastq.gz	data/Vitis_vinifera_Liang2019/fastq/SRR5891930_1.fastq.gzTA-45_2.fastq.gz
SRR5891931	TA-76	ILLUMINA	data/Vitis_vinifera_Liang2019/fastq/SRR5891931_1.fastq.gz	data/Vitis_vinifera_Liang2019/fastq/SRR5891931_1.fastq.gzTA-76_2.fastq.gz
SRR5891932	Z191	ILLUMINA	data/Vitis_vinifera_Liang2019/fastq/SRR5891932_1.fastq.gz	data/Vitis_vinifera_Liang2019/fastq/SRR5891932_1.fastq.gzZ191_2.fastq.gz
SRR5891933	TA-99	ILLUMINA	data/Vitis_vinifera_Liang2019/fastq/SRR5891933_1.fastq.gz	data/Vitis_vinifera_Liang2019/fastq/SRR5891933_1.fastq.gzTA-99_2.fastq.gz
SRR5891934	TA-6244	ILLUMINA	data/Vitis_vinifera_Liang2019/fastq/SRR5891934_1.fastq.gz	data/Vitis_vinifera_Liang2019/fastq/SRR5891934_1.fastq.gzTA-6244_2.fastq.gz
SRR5891935	TA-6243	ILLUMINA	data/Vitis_vinifera_Liang2019/fastq/SRR5891935_1.fastq.gz	data/Vitis_vinifera_Liang2019/fastq/SRR5891935_1.fastq.gzTA-6243_2.fastq.gz
SRR5891936	TA-6238	ILLUMINA	data/Vitis_vinifera_Liang2019/fastq/SRR5891936_1.fastq.gz	data/Vitis_vinifera_Liang2019/fastq/SRR5891936_1.fastq.gzTA-6238_2.fastq.gz
SRR5891937	TA-6237	ILLUMINA	data/Vitis_vinifera_Liang2019/fastq/SRR5891937_1.fastq.gz	data/Vitis_vinifera_Liang2019/fastq/SRR5891937_1.fastq.gzTA-6237_2.fastq.gz
SRR5891938	TA-6242	ILLUMINA	data/Vitis_vinifera_Liang2019/fastq/SRR5891938_1.fastq.gz	data/Vitis_vinifera_Liang2019/fastq/SRR5891938_1.fastq.gzTA-6242_2.fastq.gz
SRR5891939	TA-6239	ILLUMINA	data/Vitis_vinifera_Liang2019/fastq/SRR5891939_1.fastq.gz	data/Vitis_vinifera_Liang2019/fastq/SRR5891939_1.fastq.gzTA-6239_2.fastq.gz
SRR5891940	TA-6234	ILLUMINA	data/Vitis_vinifera_Liang2019/fastq/SRR5891940_1.fastq.gz	data/Vitis_vinifera_Liang2019/fastq/SRR5891940_1.fastq.gzTA-6234_2.fastq.gz
SRR5891941	TA-6233	ILLUMINA	data/Vitis_vinifera_Liang2019/fastq/SRR5891941_1.fastq.gz	data/Vitis_vinifera_Liang2019/fastq/SRR5891941_1.fastq.gzTA-6233_2.fastq.gz
SRR5891942	TA-6236	ILLUMINA	data/Vitis_vinifera_Liang2019/fastq/SRR5891942_1.fastq.gz	data/Vitis_vinifera_Liang2019/fastq/SRR5891942_1.fastq.gzTA-6236_2.fastq.gz
SRR5891943	TA-6235	ILLUMINA	data/Vitis_vinifera_Liang2019/fastq/SRR5891943_1.fastq.gz	data/Vitis_vinifera_Liang2019/fastq/SRR5891943_1.fastq.gzTA-6235_2.fastq.gz
SRR5891944	TA-190	ILLUMINA	data/Vitis_vinifera_Liang2019/fastq/SRR5891944_1.fastq.gz	data/Vitis_vinifera_Liang2019/fastq/SRR5891944_1.fastq.gzTA-190_2.fastq.gz
SRR5891945	Z180	ILLUMINA	data/Vitis_vinifera_Liang2019/fastq/SRR5891945_1.fastq.gz	data/Vitis_vinifera_Liang2019/fastq/SRR5891945_1.fastq.gzZ180_2.fastq.gz
SRR5891946	TA-124	ILLUMINA	data/Vitis_vinifera_Liang2019/fastq/SRR5891946_1.fastq.gz	data/Vitis_vinifera_Liang2019/fastq/SRR5891946_1.fastq.gzTA-124_2.fastq.gz
SRR5891947	TA-7415	ILLUMINA	data/Vitis_vinifera_Liang2019/fastq/SRR5891947_1.fastq.gz	data/Vitis_vinifera_Liang2019/fastq/SRR5891947_1.fastq.gzTA-7415_2.fastq.gz
SRR5891948	TA-420	ILLUMINA	data/Vitis_vinifera_Liang2019/fastq/SRR5891948_1.fastq.gz	data/Vitis_vinifera_Liang2019/fastq/SRR5891948_1.fastq.gzTA-420_2.fastq.gz
SRR5891949	Z178	ILLUMINA	data/Vitis_vinifera_Liang2019/fastq/SRR5891949_1.fastq.gz	data/Vitis_vinifera_Liang2019/fastq/SRR5891949_1.fastq.gzZ178_2.fastq.gz
SRR5891950	TA-186	ILLUMINA	data/Vitis_vinifera_Liang2019/fastq/SRR5891950_1.fastq.gz	data/Vitis_vinifera_Liang2019/fastq/SRR5891950_1.fastq.gzTA-186_2.fastq.gz
SRR5891951	TA-373	ILLUMINA	data/Vitis_vinifera_Liang2019/fastq/SRR5891951_1.fastq.gz	data/Vitis_vinifera_Liang2019/fastq/SRR5891951_1.fastq.gzTA-373_2.fastq.gz
SRR5891952	Z13	ILLUMINA	data/Vitis_vinifera_Liang2019/fastq/SRR5891952_1.fastq.gz	data/Vitis_vinifera_Liang2019/fastq/SRR5891952_1.fastq.gzZ13_2.fastq.gz
SRR5891953	Z6	ILLUMINA	data/Vitis_vinifera_Liang2019/fastq/SRR5891953_1.fastq.gz	data/Vitis_vinifera_Liang2019/fastq/SRR5891953_1.fastq.gzZ6_2.fastq.gz
SRR5891954	TA-61	ILLUMINA	data/Vitis_vinifera_Liang2019/fastq/SRR5891954_1.fastq.gz	data/Vitis_vinifera_Liang2019/fastq/SRR5891954_1.fastq.gzTA-61_2.fastq.gz
SRR5891955	TA-117	ILLUMINA	data/Vitis_vinifera_Liang2019/fastq/SRR5891955_1.fastq.gz	data/Vitis_vinifera_Liang2019/fastq/SRR5891955_1.fastq.gzTA-117_2.fastq.gz
SRR5891956	TA-382	ILLUMINA	data/Vitis_vinifera_Liang2019/fastq/SRR5891956_1.fastq.gz	data/Vitis_vinifera_Liang2019/fastq/SRR5891956_1.fastq.gzTA-382_2.fastq.gz
SRR5891957	TA-357	ILLUMINA	data/Vitis_vinifera_Liang2019/fastq/SRR5891957_1.fastq.gz	data/Vitis_vinifera_Liang2019/fastq/SRR5891957_1.fastq.gzTA-357_2.fastq.gz
SRR5891958	TA-100	ILLUMINA	data/Vitis_vinifera_Liang2019/fastq/SRR5891958_1.fastq.gz	data/Vitis_vinifera_Liang2019/fastq/SRR5891958_1.fastq.gzTA-100_2.fastq.gz
SRR5891959	TA-291	ILLUMINA	data/Vitis_vinifera_Liang2019/fastq/SRR5891959_1.fastq.gz	data/Vitis_vinifera_Liang2019/fastq/SRR5891959_1.fastq.gzTA-291_2.fastq.gz
SRR5891960	TA-371	ILLUMINA	data/Vitis_vinifera_Liang2019/fastq/SRR5891960_1.fastq.gz	data/Vitis_vinifera_Liang2019/fastq/SRR5891960_1.fastq.gzTA-371_2.fastq.gz
SRR5891961	TA-273	ILLUMINA	data/Vitis_vinifera_Liang2019/fastq/SRR5891961_1.fastq.gz	data/Vitis_vinifera_Liang2019/fastq/SRR5891961_1.fastq.gzTA-273_2.fastq.gz
SRR5891962	TA-98	ILLUMINA	data/Vitis_vinifera_Liang2019/fastq/SRR5891962_1.fastq.gz	data/Vitis_vinifera_Liang2019/fastq/SRR5891962_1.fastq.gzTA-98_2.fastq.gz
SRR5891963	TA-95	ILLUMINA	data/Vitis_vinifera_Liang2019/fastq/SRR5891963_1.fastq.gz	data/Vitis_vinifera_Liang2019/fastq/SRR5891963_1.fastq.gzTA-95_2.fastq.gz
SRR5891964	TA-399	ILLUMINA	data/Vitis_vinifera_Liang2019/fastq/SRR5891964_1.fastq.gz	data/Vitis_vinifera_Liang2019/fastq/SRR5891964_1.fastq.gzTA-399_2.fastq.gz
SRR5891965	TA-115	ILLUMINA	data/Vitis_vinifera_Liang2019/fastq/SRR5891965_1.fastq.gz	data/Vitis_vinifera_Liang2019/fastq/SRR5891965_1.fastq.gzTA-115_2.fastq.gz
SRR5891966	TA-49	ILLUMINA	data/Vitis_vinifera_Liang2019/fastq/SRR5891966_1.fastq.gz	data/Vitis_vinifera_Liang2019/fastq/SRR5891966_1.fastq.gzTA-49_2.fastq.gz
SRR5891967	TA-407	ILLUMINA	data/Vitis_vinifera_Liang2019/fastq/SRR5891967_1.fastq.gz	data/Vitis_vinifera_Liang2019/fastq/SRR5891967_1.fastq.gzTA-407_2.fastq.gz
SRR5891968	TA-58	ILLUMINA	data/Vitis_vinifera_Liang2019/fastq/SRR5891968_1.fastq.gz	data/Vitis_vinifera_Liang2019/fastq/SRR5891968_1.fastq.gzTA-58_2.fastq.gz
SRR5891969	TA-296	ILLUMINA	data/Vitis_vinifera_Liang2019/fastq/SRR5891969_1.fastq.gz	data/Vitis_vinifera_Liang2019/fastq/SRR5891969_1.fastq.gzTA-296_2.fastq.gz
SRR5891970	TA-110	ILLUMINA	data/Vitis_vinifera_Liang2019/fastq/SRR5891970_1.fastq.gz	data/Vitis_vinifera_Liang2019/fastq/SRR5891970_1.fastq.gzTA-110_2.fastq.gz
SRR5891971	TA-111	ILLUMINA	data/Vitis_vinifera_Liang2019/fastq/SRR5891971_1.fastq.gz	data/Vitis_vinifera_Liang2019/fastq/SRR5891971_1.fastq.gzTA-111_2.fastq.gz
SRR5891972	TA-201	ILLUMINA	data/Vitis_vinifera_Liang2019/fastq/SRR5891972_1.fastq.gz	data/Vitis_vinifera_Liang2019/fastq/SRR5891972_1.fastq.gzTA-201_2.fastq.gz
SRR5891973	TA-109	ILLUMINA	data/Vitis_vinifera_Liang2019/fastq/SRR5891973_1.fastq.gz	data/Vitis_vinifera_Liang2019/fastq/SRR5891973_1.fastq.gzTA-109_2.fastq.gz
SRR5891974	TA-152	ILLUMINA	data/Vitis_vinifera_Liang2019/fastq/SRR5891974_1.fastq.gz	data/Vitis_vinifera_Liang2019/fastq/SRR5891974_1.fastq.gzTA-152_2.fastq.gz
SRR5891975	TA-253	ILLUMINA	data/Vitis_vinifera_Liang2019/fastq/SRR5891975_1.fastq.gz	data/Vitis_vinifera_Liang2019/fastq/SRR5891975_1.fastq.gzTA-253_2.fastq.gz
SRR5891976	TA-107	ILLUMINA	data/Vitis_vinifera_Liang2019/fastq/SRR5891976_1.fastq.gz	data/Vitis_vinifera_Liang2019/fastq/SRR5891976_1.fastq.gzTA-107_2.fastq.gz
SRR5891977	TA-153	ILLUMINA	data/Vitis_vinifera_Liang2019/fastq/SRR5891977_1.fastq.gz	data/Vitis_vinifera_Liang2019/fastq/SRR5891977_1.fastq.gzTA-153_2.fastq.gz
SRR5891978	TA-268	ILLUMINA	data/Vitis_vinifera_Liang2019/fastq/SRR5891978_1.fastq.gz	data/Vitis_vinifera_Liang2019/fastq/SRR5891978_1.fastq.gzTA-268_2.fastq.gz
SRR5891979	TA-178	ILLUMINA	data/Vitis_vinifera_Liang2019/fastq/SRR5891979_1.fastq.gz	data/Vitis_vinifera_Liang2019/fastq/SRR5891979_1.fastq.gzTA-178_2.fastq.gz
SRR5891980	TA-68	ILLUMINA	data/Vitis_vinifera_Liang2019/fastq/SRR5891980_1.fastq.gz	data/Vitis_vinifera_Liang2019/fastq/SRR5891980_1.fastq.gzTA-68_2.fastq.gz
SRR5891981	TA-334	ILLUMINA	data/Vitis_vinifera_Liang2019/fastq/SRR5891981_1.fastq.gz	data/Vitis_vinifera_Liang2019/fastq/SRR5891981_1.fastq.gzTA-334_2.fastq.gz
SRR5891982	TA-108	ILLUMINA	data/Vitis_vinifera_Liang2019/fastq/SRR5891982_1.fastq.gz	data/Vitis_vinifera_Liang2019/fastq/SRR5891982_1.fastq.gzTA-108_2.fastq.gz
SRR5891983	TA-177	ILLUMINA	data/Vitis_vinifera_Liang2019/fastq/SRR5891983_1.fastq.gz	data/Vitis_vinifera_Liang2019/fastq/SRR5891983_1.fastq.gzTA-177_2.fastq.gz
SRR5891984	TA-154	ILLUMINA	data/Vitis_vinifera_Liang2019/fastq/SRR5891984_1.fastq.gz	data/Vitis_vinifera_Liang2019/fastq/SRR5891984_1.fastq.gzTA-154_2.fastq.gz
SRR5891985	TA-170	ILLUMINA	data/Vitis_vinifera_Liang2019/fastq/SRR5891985_1.fastq.gz	data/Vitis_vinifera_Liang2019/fastq/SRR5891985_1.fastq.gzTA-170_2.fastq.gz
SRR5891986	TA-6142	ILLUMINA	data/Vitis_vinifera_Liang2019/fastq/SRR5891986_1.fastq.gz	data/Vitis_vinifera_Liang2019/fastq/SRR5891986_1.fastq.gzTA-6142_2.fastq.gz
SRR5891987	TA-265	ILLUMINA	data/Vitis_vinifera_Liang2019/fastq/SRR5891987_1.fastq.gz	data/Vitis_vinifera_Liang2019/fastq/SRR5891987_1.fastq.gzTA-265_2.fastq.gz
SRR5891988	TA-151	ILLUMINA	data/Vitis_vinifera_Liang2019/fastq/SRR5891988_1.fastq.gz	data/Vitis_vinifera_Liang2019/fastq/SRR5891988_1.fastq.gzTA-151_2.fastq.gz
SRR5891989	TA-329	ILLUMINA	data/Vitis_vinifera_Liang2019/fastq/SRR5891989_1.fastq.gz	data/Vitis_vinifera_Liang2019/fastq/SRR5891989_1.fastq.gzTA-329_2.fastq.gz
SRR5891990	TA-256	ILLUMINA	data/Vitis_vinifera_Liang2019/fastq/SRR5891990_1.fastq.gz	data/Vitis_vinifera_Liang2019/fastq/SRR5891990_1.fastq.gzTA-256_2.fastq.gz
SRR5891991	TA-260	ILLUMINA	data/Vitis_vinifera_Liang2019/fastq/SRR5891991_1.fastq.gz	data/Vitis_vinifera_Liang2019/fastq/SRR5891991_1.fastq.gzTA-260_2.fastq.gz
SRR5891992	TA-301	ILLUMINA	data/Vitis_vinifera_Liang2019/fastq/SRR5891992_1.fastq.gz	data/Vitis_vinifera_Liang2019/fastq/SRR5891992_1.fastq.gzTA-301_2.fastq.gz
SRR5891993	TA-264	ILLUMINA	data/Vitis_vinifera_Liang2019/fastq/SRR5891993_1.fastq.gz	data/Vitis_vinifera_Liang2019/fastq/SRR5891993_1.fastq.gzTA-264_2.fastq.gz
SRR5891994	TA-47	ILLUMINA	data/Vitis_vinifera_Liang2019/fastq/SRR5891994_1.fastq.gz	data/Vitis_vinifera_Liang2019/fastq/SRR5891994_1.fastq.gzTA-47_2.fastq.gz
SRR5891995	TA-48	ILLUMINA	data/Vitis_vinifera_Liang2019/fastq/SRR5891995_1.fastq.gz	data/Vitis_vinifera_Liang2019/fastq/SRR5891995_1.fastq.gzTA-48_2.fastq.gz
SRR5891996	TA-50	ILLUMINA	data/Vitis_vinifera_Liang2019/fastq/SRR5891996_1.fastq.gz	data/Vitis_vinifera_Liang2019/fastq/SRR5891996_1.fastq.gzTA-50_2.fastq.gz
SRR5891997	TA-310	ILLUMINA	data/Vitis_vinifera_Liang2019/fastq/SRR5891997_1.fastq.gz	data/Vitis_vinifera_Liang2019/fastq/SRR5891997_1.fastq.gzTA-310_2.fastq.gz
SRR5891998	TA-52	ILLUMINA	data/Vitis_vinifera_Liang2019/fastq/SRR5891998_1.fastq.gz	data/Vitis_vinifera_Liang2019/fastq/SRR5891998_1.fastq.gzTA-52_2.fastq.gz
SRR5891999	TA-51	ILLUMINA	data/Vitis_vinifera_Liang2019/fastq/SRR5891999_1.fastq.gz	data/Vitis_vinifera_Liang2019/fastq/SRR5891999_1.fastq.gzTA-51_2.fastq.gz
SRR5892000	TA-55	ILLUMINA	data/Vitis_vinifera_Liang2019/fastq/SRR5892000_1.fastq.gz	data/Vitis_vinifera_Liang2019/fastq/SRR5892000_1.fastq.gzTA-55_2.fastq.gz
SRR5892001	TA-200	ILLUMINA	data/Vitis_vinifera_Liang2019/fastq/SRR5892001_1.fastq.gz	data/Vitis_vinifera_Liang2019/fastq/SRR5892001_1.fastq.gzTA-200_2.fastq.gz
SRR5892002	TA-403	ILLUMINA	data/Vitis_vinifera_Liang2019/fastq/SRR5892002_1.fastq.gz	data/Vitis_vinifera_Liang2019/fastq/SRR5892002_1.fastq.gzTA-403_2.fastq.gz
SRR5892003	TA-199	ILLUMINA	data/Vitis_vinifera_Liang2019/fastq/SRR5892003_1.fastq.gz	data/Vitis_vinifera_Liang2019/fastq/SRR5892003_1.fastq.gzTA-199_2.fastq.gz
SRR5892004	TA-234	ILLUMINA	data/Vitis_vinifera_Liang2019/fastq/SRR5892004_1.fastq.gz	data/Vitis_vinifera_Liang2019/fastq/SRR5892004_1.fastq.gzTA-234_2.fastq.gz
SRR5892005	TA-213	ILLUMINA	data/Vitis_vinifera_Liang2019/fastq/SRR5892005_1.fastq.gz	data/Vitis_vinifera_Liang2019/fastq/SRR5892005_1.fastq.gzTA-213_2.fastq.gz
SRR5892006	TA-64	ILLUMINA	data/Vitis_vinifera_Liang2019/fastq/SRR5892006_1.fastq.gz	data/Vitis_vinifera_Liang2019/fastq/SRR5892006_1.fastq.gzTA-64_2.fastq.gz
SRR5892007	TA-62	ILLUMINA	data/Vitis_vinifera_Liang2019/fastq/SRR5892007_1.fastq.gz	data/Vitis_vinifera_Liang2019/fastq/SRR5892007_1.fastq.gzTA-62_2.fastq.gz
SRR5892008	TA-375	ILLUMINA	data/Vitis_vinifera_Liang2019/fastq/SRR5892008_1.fastq.gz	data/Vitis_vinifera_Liang2019/fastq/SRR5892008_1.fastq.gzTA-375_2.fastq.gz
SRR5892009	TA-91	ILLUMINA	data/Vitis_vinifera_Liang2019/fastq/SRR5892009_1.fastq.gz	data/Vitis_vinifera_Liang2019/fastq/SRR5892009_1.fastq.gzTA-91_2.fastq.gz
SRR5892010	TA-134	ILLUMINA	data/Vitis_vinifera_Liang2019/fastq/SRR5892010_1.fastq.gz	data/Vitis_vinifera_Liang2019/fastq/SRR5892010_1.fastq.gzTA-134_2.fastq.gz
SRR5892011	TA-67	ILLUMINA	data/Vitis_vinifera_Liang2019/fastq/SRR5892011_1.fastq.gz	data/Vitis_vinifera_Liang2019/fastq/SRR5892011_1.fastq.gzTA-67_2.fastq.gz
SRR5892012	TA-189	ILLUMINA	data/Vitis_vinifera_Liang2019/fastq/SRR5892012_1.fastq.gz	data/Vitis_vinifera_Liang2019/fastq/SRR5892012_1.fastq.gzTA-189_2.fastq.gz
SRR5892013	TA-411	ILLUMINA	data/Vitis_vinifera_Liang2019/fastq/SRR5892013_1.fastq.gz	data/Vitis_vinifera_Liang2019/fastq/SRR5892013_1.fastq.gzTA-411_2.fastq.gz
SRR5892014	Z195	ILLUMINA	data/Vitis_vinifera_Liang2019/fastq/SRR5892014_1.fastq.gz	data/Vitis_vinifera_Liang2019/fastq/SRR5892014_1.fastq.gzZ195_2.fastq.gz
SRR5892015	TA-419	ILLUMINA	data/Vitis_vinifera_Liang2019/fastq/SRR5892015_1.fastq.gz	data/Vitis_vinifera_Liang2019/fastq/SRR5892015_1.fastq.gzTA-419_2.fastq.gz
SRR5892016	TA-127	ILLUMINA	data/Vitis_vinifera_Liang2019/fastq/SRR5892016_1.fastq.gz	data/Vitis_vinifera_Liang2019/fastq/SRR5892016_1.fastq.gzTA-127_2.fastq.gz
SRR5892017	TA-418	ILLUMINA	data/Vitis_vinifera_Liang2019/fastq/SRR5892017_1.fastq.gz	data/Vitis_vinifera_Liang2019/fastq/SRR5892017_1.fastq.gzTA-418_2.fastq.gz
SRR5892018	TA-185	ILLUMINA	data/Vitis_vinifera_Liang2019/fastq/SRR5892018_1.fastq.gz	data/Vitis_vinifera_Liang2019/fastq/SRR5892018_1.fastq.gzTA-185_2.fastq.gz
SRR5892019	TA-184	ILLUMINA	data/Vitis_vinifera_Liang2019/fastq/SRR5892019_1.fastq.gz	data/Vitis_vinifera_Liang2019/fastq/SRR5892019_1.fastq.gzTA-184_2.fastq.gz
SRR5892020	TA-412	ILLUMINA	data/Vitis_vinifera_Liang2019/fastq/SRR5892020_1.fastq.gz	data/Vitis_vinifera_Liang2019/fastq/SRR5892020_1.fastq.gzTA-412_2.fastq.gz
SRR5892021	TA-188	ILLUMINA	data/Vitis_vinifera_Liang2019/fastq/SRR5892021_1.fastq.gz	data/Vitis_vinifera_Liang2019/fastq/SRR5892021_1.fastq.gzTA-188_2.fastq.gz
SRR5892022	TA-340	ILLUMINA	data/Vitis_vinifera_Liang2019/fastq/SRR5892022_1.fastq.gz	data/Vitis_vinifera_Liang2019/fastq/SRR5892022_1.fastq.gzTA-340_2.fastq.gz
SRR5892023	TA-331	ILLUMINA	data/Vitis_vinifera_Liang2019/fastq/SRR5892023_1.fastq.gz	data/Vitis_vinifera_Liang2019/fastq/SRR5892023_1.fastq.gzTA-331_2.fastq.gz
SRR5892024	Z135	ILLUMINA	data/Vitis_vinifera_Liang2019/fastq/SRR5892024_1.fastq.gz	data/Vitis_vinifera_Liang2019/fastq/SRR5892024_1.fastq.gzZ135_2.fastq.gz
SRR5892025	Z3	ILLUMINA	data/Vitis_vinifera_Liang2019/fastq/SRR5892025_1.fastq.gz	data/Vitis_vinifera_Liang2019/fastq/SRR5892025_1.fastq.gzZ3_2.fastq.gz
SRR5892026	TA-123	ILLUMINA	data/Vitis_vinifera_Liang2019/fastq/SRR5892026_1.fastq.gz	data/Vitis_vinifera_Liang2019/fastq/SRR5892026_1.fastq.gzTA-123_2.fastq.gz
SRR5892027	TA-12	ILLUMINA	data/Vitis_vinifera_Liang2019/fastq/SRR5892027_1.fastq.gz	data/Vitis_vinifera_Liang2019/fastq/SRR5892027_1.fastq.gzTA-12_2.fastq.gz
SRR5892028	TA-421	ILLUMINA	data/Vitis_vinifera_Liang2019/fastq/SRR5892028_1.fastq.gz	data/Vitis_vinifera_Liang2019/fastq/SRR5892028_1.fastq.gzTA-421_2.fastq.gz
SRR5892029	TA-219	ILLUMINA	data/Vitis_vinifera_Liang2019/fastq/SRR5892029_1.fastq.gz	data/Vitis_vinifera_Liang2019/fastq/SRR5892029_1.fastq.gzTA-219_2.fastq.gz
SRR5892030	TA-121	ILLUMINA	data/Vitis_vinifera_Liang2019/fastq/SRR5892030_1.fastq.gz	data/Vitis_vinifera_Liang2019/fastq/SRR5892030_1.fastq.gzTA-121_2.fastq.gz
SRR5892031	TA-172	ILLUMINA	data/Vitis_vinifera_Liang2019/fastq/SRR5892031_1.fastq.gz	data/Vitis_vinifera_Liang2019/fastq/SRR5892031_1.fastq.gzTA-172_2.fastq.gz
SRR5892032	TA-89	ILLUMINA	data/Vitis_vinifera_Liang2019/fastq/SRR5892032_1.fastq.gz	data/Vitis_vinifera_Liang2019/fastq/SRR5892032_1.fastq.gzTA-89_2.fastq.gz
SRR5892033	TA-261	ILLUMINA	data/Vitis_vinifera_Liang2019/fastq/SRR5892033_1.fastq.gz	data/Vitis_vinifera_Liang2019/fastq/SRR5892033_1.fastq.gzTA-261_2.fastq.gz
SRR5892034	TA-414	ILLUMINA	data/Vitis_vinifera_Liang2019/fastq/SRR5892034_1.fastq.gz	data/Vitis_vinifera_Liang2019/fastq/SRR5892034_1.fastq.gzTA-414_2.fastq.gz
SRR5892035	TA-191	ILLUMINA	data/Vitis_vinifera_Liang2019/fastq/SRR5892035_1.fastq.gz	data/Vitis_vinifera_Liang2019/fastq/SRR5892035_1.fastq.gzTA-191_2.fastq.gz
SRR5892036	TA-120	ILLUMINA	data/Vitis_vinifera_Liang2019/fastq/SRR5892036_1.fastq.gz	data/Vitis_vinifera_Liang2019/fastq/SRR5892036_1.fastq.gzTA-120_2.fastq.gz
SRR5892037	TA-372	ILLUMINA	data/Vitis_vinifera_Liang2019/fastq/SRR5892037_1.fastq.gz	data/Vitis_vinifera_Liang2019/fastq/SRR5892037_1.fastq.gzTA-372_2.fastq.gz
SRR5892038	TA-30	ILLUMINA	data/Vitis_vinifera_Liang2019/fastq/SRR5892038_1.fastq.gz	data/Vitis_vinifera_Liang2019/fastq/SRR5892038_1.fastq.gzTA-30_2.fastq.gz
SRR5892039	TA-368	ILLUMINA	data/Vitis_vinifera_Liang2019/fastq/SRR5892039_1.fastq.gz	data/Vitis_vinifera_Liang2019/fastq/SRR5892039_1.fastq.gzTA-368_2.fastq.gz
SRR5892040	TA-338	ILLUMINA	data/Vitis_vinifera_Liang2019/fastq/SRR5892040_1.fastq.gz	data/Vitis_vinifera_Liang2019/fastq/SRR5892040_1.fastq.gzTA-338_2.fastq.gz
SRR5892041	TA-126	ILLUMINA	data/Vitis_vinifera_Liang2019/fastq/SRR5892041_1.fastq.gz	data/Vitis_vinifera_Liang2019/fastq/SRR5892041_1.fastq.gzTA-126_2.fastq.gz
SRR5892042	TA-347	ILLUMINA	data/Vitis_vinifera_Liang2019/fastq/SRR5892042_1.fastq.gz	data/Vitis_vinifera_Liang2019/fastq/SRR5892042_1.fastq.gzTA-347_2.fastq.gz
SRR5892043	TA-233	ILLUMINA	data/Vitis_vinifera_Liang2019/fastq/SRR5892043_1.fastq.gz	data/Vitis_vinifera_Liang2019/fastq/SRR5892043_1.fastq.gzTA-233_2.fastq.gz
SRR5892044	TA-158	ILLUMINA	data/Vitis_vinifera_Liang2019/fastq/SRR5892044_1.fastq.gz	data/Vitis_vinifera_Liang2019/fastq/SRR5892044_1.fastq.gzTA-158_2.fastq.gz
SRR5892045	TA-23	ILLUMINA	data/Vitis_vinifera_Liang2019/fastq/SRR5892045_1.fastq.gz	data/Vitis_vinifera_Liang2019/fastq/SRR5892045_1.fastq.gzTA-23_2.fastq.gz
SRR5892046	TA-277	ILLUMINA	data/Vitis_vinifera_Liang2019/fastq/SRR5892046_1.fastq.gz	data/Vitis_vinifera_Liang2019/fastq/SRR5892046_1.fastq.gzTA-277_2.fastq.gz
SRR5892047	TA-17	ILLUMINA	data/Vitis_vinifera_Liang2019/fastq/SRR5892047_1.fastq.gz	data/Vitis_vinifera_Liang2019/fastq/SRR5892047_1.fastq.gzTA-17_2.fastq.gz
SRR5892048	TA-232	ILLUMINA	data/Vitis_vinifera_Liang2019/fastq/SRR5892048_1.fastq.gz	data/Vitis_vinifera_Liang2019/fastq/SRR5892048_1.fastq.gzTA-232_2.fastq.gz
SRR5892049	TA-59	ILLUMINA	data/Vitis_vinifera_Liang2019/fastq/SRR5892049_1.fastq.gz	data/Vitis_vinifera_Liang2019/fastq/SRR5892049_1.fastq.gzTA-59_2.fastq.gz
SRR5892050	TA-180	ILLUMINA	data/Vitis_vinifera_Liang2019/fastq/SRR5892050_1.fastq.gz	data/Vitis_vinifera_Liang2019/fastq/SRR5892050_1.fastq.gzTA-180_2.fastq.gz
SRR5892051	TA-133	ILLUMINA	data/Vitis_vinifera_Liang2019/fastq/SRR5892051_1.fastq.gz	data/Vitis_vinifera_Liang2019/fastq/SRR5892051_1.fastq.gzTA-133_2.fastq.gz
SRR5892052	TA-161	ILLUMINA	data/Vitis_vinifera_Liang2019/fastq/SRR5892052_1.fastq.gz	data/Vitis_vinifera_Liang2019/fastq/SRR5892052_1.fastq.gzTA-161_2.fastq.gz
SRR5892053	TA-160	ILLUMINA	data/Vitis_vinifera_Liang2019/fastq/SRR5892053_1.fastq.gz	data/Vitis_vinifera_Liang2019/fastq/SRR5892053_1.fastq.gzTA-160_2.fastq.gz
SRR5892054	TA-287	ILLUMINA	data/Vitis_vinifera_Liang2019/fastq/SRR5892054_1.fastq.gz	data/Vitis_vinifera_Liang2019/fastq/SRR5892054_1.fastq.gzTA-287_2.fastq.gz
SRR5892055	TA-258	ILLUMINA	data/Vitis_vinifera_Liang2019/fastq/SRR5892055_1.fastq.gz	data/Vitis_vinifera_Liang2019/fastq/SRR5892055_1.fastq.gzTA-258_2.fastq.gz
SRR5892056	TA-288	ILLUMINA	data/Vitis_vinifera_Liang2019/fastq/SRR5892056_1.fastq.gz	data/Vitis_vinifera_Liang2019/fastq/SRR5892056_1.fastq.gzTA-288_2.fastq.gz
SRR5892057	TA-337	ILLUMINA	data/Vitis_vinifera_Liang2019/fastq/SRR5892057_1.fastq.gz	data/Vitis_vinifera_Liang2019/fastq/SRR5892057_1.fastq.gzTA-337_2.fastq.gz
SRR5892058	TA-244	ILLUMINA	data/Vitis_vinifera_Liang2019/fastq/SRR5892058_1.fastq.gz	data/Vitis_vinifera_Liang2019/fastq/SRR5892058_1.fastq.gzTA-244_2.fastq.gz
SRR5892059	TA-248	ILLUMINA	data/Vitis_vinifera_Liang2019/fastq/SRR5892059_1.fastq.gz	data/Vitis_vinifera_Liang2019/fastq/SRR5892059_1.fastq.gzTA-248_2.fastq.gz
SRR5892060	TA-5887	ILLUMINA	data/Vitis_vinifera_Liang2019/fastq/SRR5892060_1.fastq.gz	data/Vitis_vinifera_Liang2019/fastq/SRR5892060_1.fastq.gzTA-5887_2.fastq.gz
SRR5892061	TA-79	ILLUMINA	data/Vitis_vinifera_Liang2019/fastq/SRR5892061_1.fastq.gz	data/Vitis_vinifera_Liang2019/fastq/SRR5892061_1.fastq.gzTA-79_2.fastq.gz
SRR5892062	TA-283	ILLUMINA	data/Vitis_vinifera_Liang2019/fastq/SRR5892062_1.fastq.gz	data/Vitis_vinifera_Liang2019/fastq/SRR5892062_1.fastq.gzTA-283_2.fastq.gz
SRR5892063	TA-209	ILLUMINA	data/Vitis_vinifera_Liang2019/fastq/SRR5892063_1.fastq.gz	data/Vitis_vinifera_Liang2019/fastq/SRR5892063_1.fastq.gzTA-209_2.fastq.gz
SRR5892064	TA-142	ILLUMINA	data/Vitis_vinifera_Liang2019/fastq/SRR5892064_1.fastq.gz	data/Vitis_vinifera_Liang2019/fastq/SRR5892064_1.fastq.gzTA-142_2.fastq.gz
SRR5892065	TA-313	ILLUMINA	data/Vitis_vinifera_Liang2019/fastq/SRR5892065_1.fastq.gz	data/Vitis_vinifera_Liang2019/fastq/SRR5892065_1.fastq.gzTA-313_2.fastq.gz
SRR5892066	TA-318	ILLUMINA	data/Vitis_vinifera_Liang2019/fastq/SRR5892066_1.fastq.gz	data/Vitis_vinifera_Liang2019/fastq/SRR5892066_1.fastq.gzTA-318_2.fastq.gz
SRR5892067	TA-204	ILLUMINA	data/Vitis_vinifera_Liang2019/fastq/SRR5892067_1.fastq.gz	data/Vitis_vinifera_Liang2019/fastq/SRR5892067_1.fastq.gzTA-204_2.fastq.gz
SRR5892068	TA-205	ILLUMINA	data/Vitis_vinifera_Liang2019/fastq/SRR5892068_1.fastq.gz	data/Vitis_vinifera_Liang2019/fastq/SRR5892068_1.fastq.gzTA-205_2.fastq.gz
SRR5892069	TA-317	ILLUMINA	data/Vitis_vinifera_Liang2019/fastq/SRR5892069_1.fastq.gz	data/Vitis_vinifera_Liang2019/fastq/SRR5892069_1.fastq.gzTA-317_2.fastq.gz
SRR5892070	TA-88	ILLUMINA	data/Vitis_vinifera_Liang2019/fastq/SRR5892070_1.fastq.gz	data/Vitis_vinifera_Liang2019/fastq/SRR5892070_1.fastq.gzTA-88_2.fastq.gz
SRR5892071	TA-43	ILLUMINA	data/Vitis_vinifera_Liang2019/fastq/SRR5892071_1.fastq.gz	data/Vitis_vinifera_Liang2019/fastq/SRR5892071_1.fastq.gzTA-43_2.fastq.gz
SRR5892072	TA-328	ILLUMINA	data/Vitis_vinifera_Liang2019/fastq/SRR5892072_1.fastq.gz	data/Vitis_vinifera_Liang2019/fastq/SRR5892072_1.fastq.gzTA-328_2.fastq.gz
